result_id	target_id	evidence_class	study_id	artifact_type	path	dataset_commit	run_record	container_id	sif_annex_key	sif_sha256	input_ids	code_commit	config_path_and_hash	reproduce_task	validation_status	limitation
pilot-ds007116--global-racl-native-cort-gmv-agreement-figure	global-racl-native-cort-gmv-agreement-figure	pilot-only	ds007116	figure	PLANNED:studies/ds007116/derivatives/morphometrics-analysis-attempt-001/figures/global-racl-native-cort-gmv-agreement-figure.svg	PENDING	PENDING	PENDING:morphometrics-analysis-custom	PENDING	PENDING	input:ds007116:cohort-manifest:PENDING;pilot-ds007116--derivative-reconall-fs741-native;pilot-ds007116--derivative-racl-native;spec:global-metrics-percent-difference-and-model:UNRESOLVED	PENDING	PLANNED:config/result-specifications/global-racl-native-cort-gmv-agreement-figure.yaml#sha256:PENDING	PLANNED:reproduce-ds007116-global	planned	ds007116 eligibility and input availability are not yet established; Metric fields, percent-difference definition, R2 definition, model, exclusions, and missingness remain unresolved
claim-abcd--global-racl-native-cort-gmv-agreement-figure	global-racl-native-cort-gmv-agreement-figure	claim-bearing	abcd	figure	PLANNED:studies/abcd/derivatives/morphometrics-analysis-attempt-001/figures/global-racl-native-cort-gmv-agreement-figure.svg	PENDING	PENDING	PENDING:morphometrics-analysis-custom	PENDING	PENDING	input:abcd:cohort-manifest:PENDING;claim-abcd--derivative-reconall-fs741-native;claim-abcd--derivative-racl-native;spec:global-metrics-percent-difference-and-model:UNRESOLVED	PENDING	PLANNED:config/result-specifications/global-racl-native-cort-gmv-agreement-figure.yaml#sha256:PENDING	PLANNED:reproduce-abcd-global	blocked-input-identity	ABCD release, query, cohort, and authorized retrieval are unresolved; Metric fields, percent-difference definition, R2 definition, model, exclusions, and missingness remain unresolved
pilot-ds007116--global-racl-native-cort-gmv-r2-stat	global-racl-native-cort-gmv-r2-stat	pilot-only	ds007116	statistic	PLANNED:studies/ds007116/derivatives/morphometrics-analysis-attempt-001/statistics/global-racl-native-cort-gmv-r2-stat.tsv	PENDING	PENDING	PENDING:morphometrics-analysis-custom	PENDING	PENDING	input:ds007116:cohort-manifest:PENDING;pilot-ds007116--derivative-reconall-fs741-native;pilot-ds007116--derivative-racl-native;spec:global-metrics-percent-difference-and-model:UNRESOLVED	PENDING	PLANNED:config/result-specifications/global-racl-native-cort-gmv-r2-stat.yaml#sha256:PENDING	PLANNED:reproduce-ds007116-global	planned	ds007116 eligibility and input availability are not yet established; Metric fields, percent-difference definition, R2 definition, model, exclusions, and missingness remain unresolved
claim-abcd--global-racl-native-cort-gmv-r2-stat	global-racl-native-cort-gmv-r2-stat	claim-bearing	abcd	statistic	PLANNED:studies/abcd/derivatives/morphometrics-analysis-attempt-001/statistics/global-racl-native-cort-gmv-r2-stat.tsv	PENDING	PENDING	PENDING:morphometrics-analysis-custom	PENDING	PENDING	input:abcd:cohort-manifest:PENDING;claim-abcd--derivative-reconall-fs741-native;claim-abcd--derivative-racl-native;spec:global-metrics-percent-difference-and-model:UNRESOLVED	PENDING	PLANNED:config/result-specifications/global-racl-native-cort-gmv-r2-stat.yaml#sha256:PENDING	PLANNED:reproduce-abcd-global	blocked-input-identity	ABCD release, query, cohort, and authorized retrieval are unresolved; Metric fields, percent-difference definition, R2 definition, model, exclusions, and missingness remain unresolved
pilot-ds007116--global-racl-native-cereb-wmv-agreement-figure	global-racl-native-cereb-wmv-agreement-figure	pilot-only	ds007116	figure	PLANNED:studies/ds007116/derivatives/morphometrics-analysis-attempt-001/figures/global-racl-native-cereb-wmv-agreement-figure.svg	PENDING	PENDING	PENDING:morphometrics-analysis-custom	PENDING	PENDING	input:ds007116:cohort-manifest:PENDING;pilot-ds007116--derivative-reconall-fs741-native;pilot-ds007116--derivative-racl-native;spec:global-metrics-percent-difference-and-model:UNRESOLVED	PENDING	PLANNED:config/result-specifications/global-racl-native-cereb-wmv-agreement-figure.yaml#sha256:PENDING	PLANNED:reproduce-ds007116-global	planned	ds007116 eligibility and input availability are not yet established; Metric fields, percent-difference definition, R2 definition, model, exclusions, and missingness remain unresolved
claim-abcd--global-racl-native-cereb-wmv-agreement-figure	global-racl-native-cereb-wmv-agreement-figure	claim-bearing	abcd	figure	PLANNED:studies/abcd/derivatives/morphometrics-analysis-attempt-001/figures/global-racl-native-cereb-wmv-agreement-figure.svg	PENDING	PENDING	PENDING:morphometrics-analysis-custom	PENDING	PENDING	input:abcd:cohort-manifest:PENDING;claim-abcd--derivative-reconall-fs741-native;claim-abcd--derivative-racl-native;spec:global-metrics-percent-difference-and-model:UNRESOLVED	PENDING	PLANNED:config/result-specifications/global-racl-native-cereb-wmv-agreement-figure.yaml#sha256:PENDING	PLANNED:reproduce-abcd-global	blocked-input-identity	ABCD release, query, cohort, and authorized retrieval are unresolved; Metric fields, percent-difference definition, R2 definition, model, exclusions, and missingness remain unresolved
pilot-ds007116--global-racl-native-cereb-wmv-r2-stat	global-racl-native-cereb-wmv-r2-stat	pilot-only	ds007116	statistic	PLANNED:studies/ds007116/derivatives/morphometrics-analysis-attempt-001/statistics/global-racl-native-cereb-wmv-r2-stat.tsv	PENDING	PENDING	PENDING:morphometrics-analysis-custom	PENDING	PENDING	input:ds007116:cohort-manifest:PENDING;pilot-ds007116--derivative-reconall-fs741-native;pilot-ds007116--derivative-racl-native;spec:global-metrics-percent-difference-and-model:UNRESOLVED	PENDING	PLANNED:config/result-specifications/global-racl-native-cereb-wmv-r2-stat.yaml#sha256:PENDING	PLANNED:reproduce-ds007116-global	planned	ds007116 eligibility and input availability are not yet established; Metric fields, percent-difference definition, R2 definition, model, exclusions, and missingness remain unresolved
claim-abcd--global-racl-native-cereb-wmv-r2-stat	global-racl-native-cereb-wmv-r2-stat	claim-bearing	abcd	statistic	PLANNED:studies/abcd/derivatives/morphometrics-analysis-attempt-001/statistics/global-racl-native-cereb-wmv-r2-stat.tsv	PENDING	PENDING	PENDING:morphometrics-analysis-custom	PENDING	PENDING	input:abcd:cohort-manifest:PENDING;claim-abcd--derivative-reconall-fs741-native;claim-abcd--derivative-racl-native;spec:global-metrics-percent-difference-and-model:UNRESOLVED	PENDING	PLANNED:config/result-specifications/global-racl-native-cereb-wmv-r2-stat.yaml#sha256:PENDING	PLANNED:reproduce-abcd-global	blocked-input-identity	ABCD release, query, cohort, and authorized retrieval are unresolved; Metric fields, percent-difference definition, R2 definition, model, exclusions, and missingness remain unresolved
pilot-ds007116--global-racl-native-age-residual-figure	global-racl-native-age-residual-figure	pilot-only	ds007116	figure	PLANNED:studies/ds007116/derivatives/morphometrics-analysis-attempt-001/figures/global-racl-native-age-residual-figure.svg	PENDING	PENDING	PENDING:morphometrics-analysis-custom	PENDING	PENDING	input:ds007116:cohort-manifest:PENDING;pilot-ds007116--derivative-reconall-fs741-native;pilot-ds007116--derivative-racl-native;spec:global-metrics-percent-difference-and-model:UNRESOLVED	PENDING	PLANNED:config/result-specifications/global-racl-native-age-residual-figure.yaml#sha256:PENDING	PLANNED:reproduce-ds007116-global	planned	ds007116 eligibility and input availability are not yet established; Metric fields, percent-difference definition, R2 definition, model, exclusions, and missingness remain unresolved
claim-abcd--global-racl-native-age-residual-figure	global-racl-native-age-residual-figure	claim-bearing	abcd	figure	PLANNED:studies/abcd/derivatives/morphometrics-analysis-attempt-001/figures/global-racl-native-age-residual-figure.svg	PENDING	PENDING	PENDING:morphometrics-analysis-custom	PENDING	PENDING	input:abcd:cohort-manifest:PENDING;claim-abcd--derivative-reconall-fs741-native;claim-abcd--derivative-racl-native;spec:global-metrics-percent-difference-and-model:UNRESOLVED	PENDING	PLANNED:config/result-specifications/global-racl-native-age-residual-figure.yaml#sha256:PENDING	PLANNED:reproduce-abcd-global	blocked-input-identity	ABCD release, query, cohort, and authorized retrieval are unresolved; Metric fields, percent-difference definition, R2 definition, model, exclusions, and missingness remain unresolved
pilot-ds007116--global-racl-1x1x5-cort-gmv-agreement-figure	global-racl-1x1x5-cort-gmv-agreement-figure	pilot-only	ds007116	figure	PLANNED:studies/ds007116/derivatives/morphometrics-analysis-attempt-001/figures/global-racl-1x1x5-cort-gmv-agreement-figure.svg	PENDING	PENDING	PENDING:morphometrics-analysis-custom	PENDING	PENDING	input:ds007116:cohort-manifest:PENDING;pilot-ds007116--derivative-reconall-fs741-native;pilot-ds007116--derivative-racl-1x1x5;spec:global-metrics-percent-difference-and-model:UNRESOLVED	PENDING	PLANNED:config/result-specifications/global-racl-1x1x5-cort-gmv-agreement-figure.yaml#sha256:PENDING	PLANNED:reproduce-ds007116-global	planned	ds007116 eligibility and input availability are not yet established; Metric fields, percent-difference definition, R2 definition, model, exclusions, and missingness remain unresolved
claim-abcd--global-racl-1x1x5-cort-gmv-agreement-figure	global-racl-1x1x5-cort-gmv-agreement-figure	claim-bearing	abcd	figure	PLANNED:studies/abcd/derivatives/morphometrics-analysis-attempt-001/figures/global-racl-1x1x5-cort-gmv-agreement-figure.svg	PENDING	PENDING	PENDING:morphometrics-analysis-custom	PENDING	PENDING	input:abcd:cohort-manifest:PENDING;claim-abcd--derivative-reconall-fs741-native;claim-abcd--derivative-racl-1x1x5;spec:global-metrics-percent-difference-and-model:UNRESOLVED	PENDING	PLANNED:config/result-specifications/global-racl-1x1x5-cort-gmv-agreement-figure.yaml#sha256:PENDING	PLANNED:reproduce-abcd-global	blocked-input-identity	ABCD release, query, cohort, and authorized retrieval are unresolved; Metric fields, percent-difference definition, R2 definition, model, exclusions, and missingness remain unresolved
pilot-ds007116--global-racl-1x1x5-cort-gmv-r2-stat	global-racl-1x1x5-cort-gmv-r2-stat	pilot-only	ds007116	statistic	PLANNED:studies/ds007116/derivatives/morphometrics-analysis-attempt-001/statistics/global-racl-1x1x5-cort-gmv-r2-stat.tsv	PENDING	PENDING	PENDING:morphometrics-analysis-custom	PENDING	PENDING	input:ds007116:cohort-manifest:PENDING;pilot-ds007116--derivative-reconall-fs741-native;pilot-ds007116--derivative-racl-1x1x5;spec:global-metrics-percent-difference-and-model:UNRESOLVED	PENDING	PLANNED:config/result-specifications/global-racl-1x1x5-cort-gmv-r2-stat.yaml#sha256:PENDING	PLANNED:reproduce-ds007116-global	planned	ds007116 eligibility and input availability are not yet established; Metric fields, percent-difference definition, R2 definition, model, exclusions, and missingness remain unresolved
claim-abcd--global-racl-1x1x5-cort-gmv-r2-stat	global-racl-1x1x5-cort-gmv-r2-stat	claim-bearing	abcd	statistic	PLANNED:studies/abcd/derivatives/morphometrics-analysis-attempt-001/statistics/global-racl-1x1x5-cort-gmv-r2-stat.tsv	PENDING	PENDING	PENDING:morphometrics-analysis-custom	PENDING	PENDING	input:abcd:cohort-manifest:PENDING;claim-abcd--derivative-reconall-fs741-native;claim-abcd--derivative-racl-1x1x5;spec:global-metrics-percent-difference-and-model:UNRESOLVED	PENDING	PLANNED:config/result-specifications/global-racl-1x1x5-cort-gmv-r2-stat.yaml#sha256:PENDING	PLANNED:reproduce-abcd-global	blocked-input-identity	ABCD release, query, cohort, and authorized retrieval are unresolved; Metric fields, percent-difference definition, R2 definition, model, exclusions, and missingness remain unresolved
pilot-ds007116--global-racl-1x1x5-cereb-wmv-agreement-figure	global-racl-1x1x5-cereb-wmv-agreement-figure	pilot-only	ds007116	figure	PLANNED:studies/ds007116/derivatives/morphometrics-analysis-attempt-001/figures/global-racl-1x1x5-cereb-wmv-agreement-figure.svg	PENDING	PENDING	PENDING:morphometrics-analysis-custom	PENDING	PENDING	input:ds007116:cohort-manifest:PENDING;pilot-ds007116--derivative-reconall-fs741-native;pilot-ds007116--derivative-racl-1x1x5;spec:global-metrics-percent-difference-and-model:UNRESOLVED	PENDING	PLANNED:config/result-specifications/global-racl-1x1x5-cereb-wmv-agreement-figure.yaml#sha256:PENDING	PLANNED:reproduce-ds007116-global	planned	ds007116 eligibility and input availability are not yet established; Metric fields, percent-difference definition, R2 definition, model, exclusions, and missingness remain unresolved
claim-abcd--global-racl-1x1x5-cereb-wmv-agreement-figure	global-racl-1x1x5-cereb-wmv-agreement-figure	claim-bearing	abcd	figure	PLANNED:studies/abcd/derivatives/morphometrics-analysis-attempt-001/figures/global-racl-1x1x5-cereb-wmv-agreement-figure.svg	PENDING	PENDING	PENDING:morphometrics-analysis-custom	PENDING	PENDING	input:abcd:cohort-manifest:PENDING;claim-abcd--derivative-reconall-fs741-native;claim-abcd--derivative-racl-1x1x5;spec:global-metrics-percent-difference-and-model:UNRESOLVED	PENDING	PLANNED:config/result-specifications/global-racl-1x1x5-cereb-wmv-agreement-figure.yaml#sha256:PENDING	PLANNED:reproduce-abcd-global	blocked-input-identity	ABCD release, query, cohort, and authorized retrieval are unresolved; Metric fields, percent-difference definition, R2 definition, model, exclusions, and missingness remain unresolved
pilot-ds007116--global-racl-1x1x5-cereb-wmv-r2-stat	global-racl-1x1x5-cereb-wmv-r2-stat	pilot-only	ds007116	statistic	PLANNED:studies/ds007116/derivatives/morphometrics-analysis-attempt-001/statistics/global-racl-1x1x5-cereb-wmv-r2-stat.tsv	PENDING	PENDING	PENDING:morphometrics-analysis-custom	PENDING	PENDING	input:ds007116:cohort-manifest:PENDING;pilot-ds007116--derivative-reconall-fs741-native;pilot-ds007116--derivative-racl-1x1x5;spec:global-metrics-percent-difference-and-model:UNRESOLVED	PENDING	PLANNED:config/result-specifications/global-racl-1x1x5-cereb-wmv-r2-stat.yaml#sha256:PENDING	PLANNED:reproduce-ds007116-global	planned	ds007116 eligibility and input availability are not yet established; Metric fields, percent-difference definition, R2 definition, model, exclusions, and missingness remain unresolved
claim-abcd--global-racl-1x1x5-cereb-wmv-r2-stat	global-racl-1x1x5-cereb-wmv-r2-stat	claim-bearing	abcd	statistic	PLANNED:studies/abcd/derivatives/morphometrics-analysis-attempt-001/statistics/global-racl-1x1x5-cereb-wmv-r2-stat.tsv	PENDING	PENDING	PENDING:morphometrics-analysis-custom	PENDING	PENDING	input:abcd:cohort-manifest:PENDING;claim-abcd--derivative-reconall-fs741-native;claim-abcd--derivative-racl-1x1x5;spec:global-metrics-percent-difference-and-model:UNRESOLVED	PENDING	PLANNED:config/result-specifications/global-racl-1x1x5-cereb-wmv-r2-stat.yaml#sha256:PENDING	PLANNED:reproduce-abcd-global	blocked-input-identity	ABCD release, query, cohort, and authorized retrieval are unresolved; Metric fields, percent-difference definition, R2 definition, model, exclusions, and missingness remain unresolved
pilot-ds007116--global-racl-1x1x5-age-residual-figure	global-racl-1x1x5-age-residual-figure	pilot-only	ds007116	figure	PLANNED:studies/ds007116/derivatives/morphometrics-analysis-attempt-001/figures/global-racl-1x1x5-age-residual-figure.svg	PENDING	PENDING	PENDING:morphometrics-analysis-custom	PENDING	PENDING	input:ds007116:cohort-manifest:PENDING;pilot-ds007116--derivative-reconall-fs741-native;pilot-ds007116--derivative-racl-1x1x5;spec:global-metrics-percent-difference-and-model:UNRESOLVED	PENDING	PLANNED:config/result-specifications/global-racl-1x1x5-age-residual-figure.yaml#sha256:PENDING	PLANNED:reproduce-ds007116-global	planned	ds007116 eligibility and input availability are not yet established; Metric fields, percent-difference definition, R2 definition, model, exclusions, and missingness remain unresolved
claim-abcd--global-racl-1x1x5-age-residual-figure	global-racl-1x1x5-age-residual-figure	claim-bearing	abcd	figure	PLANNED:studies/abcd/derivatives/morphometrics-analysis-attempt-001/figures/global-racl-1x1x5-age-residual-figure.svg	PENDING	PENDING	PENDING:morphometrics-analysis-custom	PENDING	PENDING	input:abcd:cohort-manifest:PENDING;claim-abcd--derivative-reconall-fs741-native;claim-abcd--derivative-racl-1x1x5;spec:global-metrics-percent-difference-and-model:UNRESOLVED	PENDING	PLANNED:config/result-specifications/global-racl-1x1x5-age-residual-figure.yaml#sha256:PENDING	PLANNED:reproduce-abcd-global	blocked-input-identity	ABCD release, query, cohort, and authorized retrieval are unresolved; Metric fields, percent-difference definition, R2 definition, model, exclusions, and missingness remain unresolved
pilot-ds007116--global-rany-native-cort-gmv-agreement-figure	global-rany-native-cort-gmv-agreement-figure	pilot-only	ds007116	figure	PLANNED:studies/ds007116/derivatives/morphometrics-analysis-attempt-001/figures/global-rany-native-cort-gmv-agreement-figure.svg	PENDING	PENDING	PENDING:morphometrics-analysis-custom	PENDING	PENDING	input:ds007116:cohort-manifest:PENDING;pilot-ds007116--derivative-reconall-fs741-native;pilot-ds007116--derivative-rany-native;spec:global-metrics-percent-difference-and-model:UNRESOLVED	PENDING	PLANNED:config/result-specifications/global-rany-native-cort-gmv-agreement-figure.yaml#sha256:PENDING	PLANNED:reproduce-ds007116-global	planned	ds007116 eligibility and input availability are not yet established; Metric fields, percent-difference definition, R2 definition, model, exclusions, and missingness remain unresolved
claim-abcd--global-rany-native-cort-gmv-agreement-figure	global-rany-native-cort-gmv-agreement-figure	claim-bearing	abcd	figure	PLANNED:studies/abcd/derivatives/morphometrics-analysis-attempt-001/figures/global-rany-native-cort-gmv-agreement-figure.svg	PENDING	PENDING	PENDING:morphometrics-analysis-custom	PENDING	PENDING	input:abcd:cohort-manifest:PENDING;claim-abcd--derivative-reconall-fs741-native;claim-abcd--derivative-rany-native;spec:global-metrics-percent-difference-and-model:UNRESOLVED	PENDING	PLANNED:config/result-specifications/global-rany-native-cort-gmv-agreement-figure.yaml#sha256:PENDING	PLANNED:reproduce-abcd-global	blocked-input-identity	ABCD release, query, cohort, and authorized retrieval are unresolved; Metric fields, percent-difference definition, R2 definition, model, exclusions, and missingness remain unresolved
pilot-ds007116--global-rany-native-cort-gmv-r2-stat	global-rany-native-cort-gmv-r2-stat	pilot-only	ds007116	statistic	PLANNED:studies/ds007116/derivatives/morphometrics-analysis-attempt-001/statistics/global-rany-native-cort-gmv-r2-stat.tsv	PENDING	PENDING	PENDING:morphometrics-analysis-custom	PENDING	PENDING	input:ds007116:cohort-manifest:PENDING;pilot-ds007116--derivative-reconall-fs741-native;pilot-ds007116--derivative-rany-native;spec:global-metrics-percent-difference-and-model:UNRESOLVED	PENDING	PLANNED:config/result-specifications/global-rany-native-cort-gmv-r2-stat.yaml#sha256:PENDING	PLANNED:reproduce-ds007116-global	planned	ds007116 eligibility and input availability are not yet established; Metric fields, percent-difference definition, R2 definition, model, exclusions, and missingness remain unresolved
claim-abcd--global-rany-native-cort-gmv-r2-stat	global-rany-native-cort-gmv-r2-stat	claim-bearing	abcd	statistic	PLANNED:studies/abcd/derivatives/morphometrics-analysis-attempt-001/statistics/global-rany-native-cort-gmv-r2-stat.tsv	PENDING	PENDING	PENDING:morphometrics-analysis-custom	PENDING	PENDING	input:abcd:cohort-manifest:PENDING;claim-abcd--derivative-reconall-fs741-native;claim-abcd--derivative-rany-native;spec:global-metrics-percent-difference-and-model:UNRESOLVED	PENDING	PLANNED:config/result-specifications/global-rany-native-cort-gmv-r2-stat.yaml#sha256:PENDING	PLANNED:reproduce-abcd-global	blocked-input-identity	ABCD release, query, cohort, and authorized retrieval are unresolved; Metric fields, percent-difference definition, R2 definition, model, exclusions, and missingness remain unresolved
pilot-ds007116--global-rany-native-cereb-wmv-agreement-figure	global-rany-native-cereb-wmv-agreement-figure	pilot-only	ds007116	figure	PLANNED:studies/ds007116/derivatives/morphometrics-analysis-attempt-001/figures/global-rany-native-cereb-wmv-agreement-figure.svg	PENDING	PENDING	PENDING:morphometrics-analysis-custom	PENDING	PENDING	input:ds007116:cohort-manifest:PENDING;pilot-ds007116--derivative-reconall-fs741-native;pilot-ds007116--derivative-rany-native;spec:global-metrics-percent-difference-and-model:UNRESOLVED	PENDING	PLANNED:config/result-specifications/global-rany-native-cereb-wmv-agreement-figure.yaml#sha256:PENDING	PLANNED:reproduce-ds007116-global	planned	ds007116 eligibility and input availability are not yet established; Metric fields, percent-difference definition, R2 definition, model, exclusions, and missingness remain unresolved
claim-abcd--global-rany-native-cereb-wmv-agreement-figure	global-rany-native-cereb-wmv-agreement-figure	claim-bearing	abcd	figure	PLANNED:studies/abcd/derivatives/morphometrics-analysis-attempt-001/figures/global-rany-native-cereb-wmv-agreement-figure.svg	PENDING	PENDING	PENDING:morphometrics-analysis-custom	PENDING	PENDING	input:abcd:cohort-manifest:PENDING;claim-abcd--derivative-reconall-fs741-native;claim-abcd--derivative-rany-native;spec:global-metrics-percent-difference-and-model:UNRESOLVED	PENDING	PLANNED:config/result-specifications/global-rany-native-cereb-wmv-agreement-figure.yaml#sha256:PENDING	PLANNED:reproduce-abcd-global	blocked-input-identity	ABCD release, query, cohort, and authorized retrieval are unresolved; Metric fields, percent-difference definition, R2 definition, model, exclusions, and missingness remain unresolved
pilot-ds007116--global-rany-native-cereb-wmv-r2-stat	global-rany-native-cereb-wmv-r2-stat	pilot-only	ds007116	statistic	PLANNED:studies/ds007116/derivatives/morphometrics-analysis-attempt-001/statistics/global-rany-native-cereb-wmv-r2-stat.tsv	PENDING	PENDING	PENDING:morphometrics-analysis-custom	PENDING	PENDING	input:ds007116:cohort-manifest:PENDING;pilot-ds007116--derivative-reconall-fs741-native;pilot-ds007116--derivative-rany-native;spec:global-metrics-percent-difference-and-model:UNRESOLVED	PENDING	PLANNED:config/result-specifications/global-rany-native-cereb-wmv-r2-stat.yaml#sha256:PENDING	PLANNED:reproduce-ds007116-global	planned	ds007116 eligibility and input availability are not yet established; Metric fields, percent-difference definition, R2 definition, model, exclusions, and missingness remain unresolved
claim-abcd--global-rany-native-cereb-wmv-r2-stat	global-rany-native-cereb-wmv-r2-stat	claim-bearing	abcd	statistic	PLANNED:studies/abcd/derivatives/morphometrics-analysis-attempt-001/statistics/global-rany-native-cereb-wmv-r2-stat.tsv	PENDING	PENDING	PENDING:morphometrics-analysis-custom	PENDING	PENDING	input:abcd:cohort-manifest:PENDING;claim-abcd--derivative-reconall-fs741-native;claim-abcd--derivative-rany-native;spec:global-metrics-percent-difference-and-model:UNRESOLVED	PENDING	PLANNED:config/result-specifications/global-rany-native-cereb-wmv-r2-stat.yaml#sha256:PENDING	PLANNED:reproduce-abcd-global	blocked-input-identity	ABCD release, query, cohort, and authorized retrieval are unresolved; Metric fields, percent-difference definition, R2 definition, model, exclusions, and missingness remain unresolved
pilot-ds007116--global-rany-native-age-residual-figure	global-rany-native-age-residual-figure	pilot-only	ds007116	figure	PLANNED:studies/ds007116/derivatives/morphometrics-analysis-attempt-001/figures/global-rany-native-age-residual-figure.svg	PENDING	PENDING	PENDING:morphometrics-analysis-custom	PENDING	PENDING	input:ds007116:cohort-manifest:PENDING;pilot-ds007116--derivative-reconall-fs741-native;pilot-ds007116--derivative-rany-native;spec:global-metrics-percent-difference-and-model:UNRESOLVED	PENDING	PLANNED:config/result-specifications/global-rany-native-age-residual-figure.yaml#sha256:PENDING	PLANNED:reproduce-ds007116-global	planned	ds007116 eligibility and input availability are not yet established; Metric fields, percent-difference definition, R2 definition, model, exclusions, and missingness remain unresolved
claim-abcd--global-rany-native-age-residual-figure	global-rany-native-age-residual-figure	claim-bearing	abcd	figure	PLANNED:studies/abcd/derivatives/morphometrics-analysis-attempt-001/figures/global-rany-native-age-residual-figure.svg	PENDING	PENDING	PENDING:morphometrics-analysis-custom	PENDING	PENDING	input:abcd:cohort-manifest:PENDING;claim-abcd--derivative-reconall-fs741-native;claim-abcd--derivative-rany-native;spec:global-metrics-percent-difference-and-model:UNRESOLVED	PENDING	PLANNED:config/result-specifications/global-rany-native-age-residual-figure.yaml#sha256:PENDING	PLANNED:reproduce-abcd-global	blocked-input-identity	ABCD release, query, cohort, and authorized retrieval are unresolved; Metric fields, percent-difference definition, R2 definition, model, exclusions, and missingness remain unresolved
pilot-ds007116--global-rany-1x1x5-cort-gmv-agreement-figure	global-rany-1x1x5-cort-gmv-agreement-figure	pilot-only	ds007116	figure	PLANNED:studies/ds007116/derivatives/morphometrics-analysis-attempt-001/figures/global-rany-1x1x5-cort-gmv-agreement-figure.svg	PENDING	PENDING	PENDING:morphometrics-analysis-custom	PENDING	PENDING	input:ds007116:cohort-manifest:PENDING;pilot-ds007116--derivative-reconall-fs741-native;pilot-ds007116--derivative-rany-1x1x5;spec:global-metrics-percent-difference-and-model:UNRESOLVED	PENDING	PLANNED:config/result-specifications/global-rany-1x1x5-cort-gmv-agreement-figure.yaml#sha256:PENDING	PLANNED:reproduce-ds007116-global	planned	ds007116 eligibility and input availability are not yet established; Metric fields, percent-difference definition, R2 definition, model, exclusions, and missingness remain unresolved
claim-abcd--global-rany-1x1x5-cort-gmv-agreement-figure	global-rany-1x1x5-cort-gmv-agreement-figure	claim-bearing	abcd	figure	PLANNED:studies/abcd/derivatives/morphometrics-analysis-attempt-001/figures/global-rany-1x1x5-cort-gmv-agreement-figure.svg	PENDING	PENDING	PENDING:morphometrics-analysis-custom	PENDING	PENDING	input:abcd:cohort-manifest:PENDING;claim-abcd--derivative-reconall-fs741-native;claim-abcd--derivative-rany-1x1x5;spec:global-metrics-percent-difference-and-model:UNRESOLVED	PENDING	PLANNED:config/result-specifications/global-rany-1x1x5-cort-gmv-agreement-figure.yaml#sha256:PENDING	PLANNED:reproduce-abcd-global	blocked-input-identity	ABCD release, query, cohort, and authorized retrieval are unresolved; Metric fields, percent-difference definition, R2 definition, model, exclusions, and missingness remain unresolved
pilot-ds007116--global-rany-1x1x5-cort-gmv-r2-stat	global-rany-1x1x5-cort-gmv-r2-stat	pilot-only	ds007116	statistic	PLANNED:studies/ds007116/derivatives/morphometrics-analysis-attempt-001/statistics/global-rany-1x1x5-cort-gmv-r2-stat.tsv	PENDING	PENDING	PENDING:morphometrics-analysis-custom	PENDING	PENDING	input:ds007116:cohort-manifest:PENDING;pilot-ds007116--derivative-reconall-fs741-native;pilot-ds007116--derivative-rany-1x1x5;spec:global-metrics-percent-difference-and-model:UNRESOLVED	PENDING	PLANNED:config/result-specifications/global-rany-1x1x5-cort-gmv-r2-stat.yaml#sha256:PENDING	PLANNED:reproduce-ds007116-global	planned	ds007116 eligibility and input availability are not yet established; Metric fields, percent-difference definition, R2 definition, model, exclusions, and missingness remain unresolved
claim-abcd--global-rany-1x1x5-cort-gmv-r2-stat	global-rany-1x1x5-cort-gmv-r2-stat	claim-bearing	abcd	statistic	PLANNED:studies/abcd/derivatives/morphometrics-analysis-attempt-001/statistics/global-rany-1x1x5-cort-gmv-r2-stat.tsv	PENDING	PENDING	PENDING:morphometrics-analysis-custom	PENDING	PENDING	input:abcd:cohort-manifest:PENDING;claim-abcd--derivative-reconall-fs741-native;claim-abcd--derivative-rany-1x1x5;spec:global-metrics-percent-difference-and-model:UNRESOLVED	PENDING	PLANNED:config/result-specifications/global-rany-1x1x5-cort-gmv-r2-stat.yaml#sha256:PENDING	PLANNED:reproduce-abcd-global	blocked-input-identity	ABCD release, query, cohort, and authorized retrieval are unresolved; Metric fields, percent-difference definition, R2 definition, model, exclusions, and missingness remain unresolved
pilot-ds007116--global-rany-1x1x5-cereb-wmv-agreement-figure	global-rany-1x1x5-cereb-wmv-agreement-figure	pilot-only	ds007116	figure	PLANNED:studies/ds007116/derivatives/morphometrics-analysis-attempt-001/figures/global-rany-1x1x5-cereb-wmv-agreement-figure.svg	PENDING	PENDING	PENDING:morphometrics-analysis-custom	PENDING	PENDING	input:ds007116:cohort-manifest:PENDING;pilot-ds007116--derivative-reconall-fs741-native;pilot-ds007116--derivative-rany-1x1x5;spec:global-metrics-percent-difference-and-model:UNRESOLVED	PENDING	PLANNED:config/result-specifications/global-rany-1x1x5-cereb-wmv-agreement-figure.yaml#sha256:PENDING	PLANNED:reproduce-ds007116-global	planned	ds007116 eligibility and input availability are not yet established; Metric fields, percent-difference definition, R2 definition, model, exclusions, and missingness remain unresolved
claim-abcd--global-rany-1x1x5-cereb-wmv-agreement-figure	global-rany-1x1x5-cereb-wmv-agreement-figure	claim-bearing	abcd	figure	PLANNED:studies/abcd/derivatives/morphometrics-analysis-attempt-001/figures/global-rany-1x1x5-cereb-wmv-agreement-figure.svg	PENDING	PENDING	PENDING:morphometrics-analysis-custom	PENDING	PENDING	input:abcd:cohort-manifest:PENDING;claim-abcd--derivative-reconall-fs741-native;claim-abcd--derivative-rany-1x1x5;spec:global-metrics-percent-difference-and-model:UNRESOLVED	PENDING	PLANNED:config/result-specifications/global-rany-1x1x5-cereb-wmv-agreement-figure.yaml#sha256:PENDING	PLANNED:reproduce-abcd-global	blocked-input-identity	ABCD release, query, cohort, and authorized retrieval are unresolved; Metric fields, percent-difference definition, R2 definition, model, exclusions, and missingness remain unresolved
pilot-ds007116--global-rany-1x1x5-cereb-wmv-r2-stat	global-rany-1x1x5-cereb-wmv-r2-stat	pilot-only	ds007116	statistic	PLANNED:studies/ds007116/derivatives/morphometrics-analysis-attempt-001/statistics/global-rany-1x1x5-cereb-wmv-r2-stat.tsv	PENDING	PENDING	PENDING:morphometrics-analysis-custom	PENDING	PENDING	input:ds007116:cohort-manifest:PENDING;pilot-ds007116--derivative-reconall-fs741-native;pilot-ds007116--derivative-rany-1x1x5;spec:global-metrics-percent-difference-and-model:UNRESOLVED	PENDING	PLANNED:config/result-specifications/global-rany-1x1x5-cereb-wmv-r2-stat.yaml#sha256:PENDING	PLANNED:reproduce-ds007116-global	planned	ds007116 eligibility and input availability are not yet established; Metric fields, percent-difference definition, R2 definition, model, exclusions, and missingness remain unresolved
claim-abcd--global-rany-1x1x5-cereb-wmv-r2-stat	global-rany-1x1x5-cereb-wmv-r2-stat	claim-bearing	abcd	statistic	PLANNED:studies/abcd/derivatives/morphometrics-analysis-attempt-001/statistics/global-rany-1x1x5-cereb-wmv-r2-stat.tsv	PENDING	PENDING	PENDING:morphometrics-analysis-custom	PENDING	PENDING	input:abcd:cohort-manifest:PENDING;claim-abcd--derivative-reconall-fs741-native;claim-abcd--derivative-rany-1x1x5;spec:global-metrics-percent-difference-and-model:UNRESOLVED	PENDING	PLANNED:config/result-specifications/global-rany-1x1x5-cereb-wmv-r2-stat.yaml#sha256:PENDING	PLANNED:reproduce-abcd-global	blocked-input-identity	ABCD release, query, cohort, and authorized retrieval are unresolved; Metric fields, percent-difference definition, R2 definition, model, exclusions, and missingness remain unresolved
pilot-ds007116--global-rany-1x1x5-age-residual-figure	global-rany-1x1x5-age-residual-figure	pilot-only	ds007116	figure	PLANNED:studies/ds007116/derivatives/morphometrics-analysis-attempt-001/figures/global-rany-1x1x5-age-residual-figure.svg	PENDING	PENDING	PENDING:morphometrics-analysis-custom	PENDING	PENDING	input:ds007116:cohort-manifest:PENDING;pilot-ds007116--derivative-reconall-fs741-native;pilot-ds007116--derivative-rany-1x1x5;spec:global-metrics-percent-difference-and-model:UNRESOLVED	PENDING	PLANNED:config/result-specifications/global-rany-1x1x5-age-residual-figure.yaml#sha256:PENDING	PLANNED:reproduce-ds007116-global	planned	ds007116 eligibility and input availability are not yet established; Metric fields, percent-difference definition, R2 definition, model, exclusions, and missingness remain unresolved
claim-abcd--global-rany-1x1x5-age-residual-figure	global-rany-1x1x5-age-residual-figure	claim-bearing	abcd	figure	PLANNED:studies/abcd/derivatives/morphometrics-analysis-attempt-001/figures/global-rany-1x1x5-age-residual-figure.svg	PENDING	PENDING	PENDING:morphometrics-analysis-custom	PENDING	PENDING	input:abcd:cohort-manifest:PENDING;claim-abcd--derivative-reconall-fs741-native;claim-abcd--derivative-rany-1x1x5;spec:global-metrics-percent-difference-and-model:UNRESOLVED	PENDING	PLANNED:config/result-specifications/global-rany-1x1x5-age-residual-figure.yaml#sha256:PENDING	PLANNED:reproduce-abcd-global	blocked-input-identity	ABCD release, query, cohort, and authorized retrieval are unresolved; Metric fields, percent-difference definition, R2 definition, model, exclusions, and missingness remain unresolved
pilot-ds007116--global-panel-values-table	global-panel-values-table	pilot-only	ds007116	table	PLANNED:studies/ds007116/derivatives/morphometrics-analysis-attempt-001/tables/global-panel-values-table.tsv	PENDING	PENDING	PENDING:morphometrics-analysis-custom	PENDING	PENDING	input:ds007116:cohort-manifest:PENDING;pilot-ds007116--derivative-reconall-fs741-native;pilot-ds007116--derivative-racl-native;pilot-ds007116--derivative-racl-1x1x5;pilot-ds007116--derivative-rany-native;pilot-ds007116--derivative-rany-1x1x5;spec:global-metrics-and-model:UNRESOLVED	PENDING	PLANNED:config/result-specifications/global-panel-values-table.yaml#sha256:PENDING	PLANNED:reproduce-ds007116-global	planned	ds007116 eligibility and input availability are not yet established; Metric fields, percent-difference definition, R2 definition, model, exclusions, and missingness remain unresolved
claim-abcd--global-panel-values-table	global-panel-values-table	claim-bearing	abcd	table	PLANNED:studies/abcd/derivatives/morphometrics-analysis-attempt-001/tables/global-panel-values-table.tsv	PENDING	PENDING	PENDING:morphometrics-analysis-custom	PENDING	PENDING	input:abcd:cohort-manifest:PENDING;claim-abcd--derivative-reconall-fs741-native;claim-abcd--derivative-racl-native;claim-abcd--derivative-racl-1x1x5;claim-abcd--derivative-rany-native;claim-abcd--derivative-rany-1x1x5;spec:global-metrics-and-model:UNRESOLVED	PENDING	PLANNED:config/result-specifications/global-panel-values-table.yaml#sha256:PENDING	PLANNED:reproduce-abcd-global	blocked-input-identity	ABCD release, query, cohort, and authorized retrieval are unresolved; Metric fields, percent-difference definition, R2 definition, model, exclusions, and missingness remain unresolved
pilot-ds007116--regional-peak-gmv-age-surface-figure	regional-peak-gmv-age-surface-figure	pilot-only	ds007116	figure	PLANNED:studies/ds007116/derivatives/morphometrics-analysis-attempt-001/figures/regional-peak-gmv-age-surface-figure.svg	PENDING	PENDING	PENDING:morphometrics-analysis-custom	PENDING	PENDING	input:ds007116:cohort-manifest:PENDING;input:ds007116:regional-milestone:PENDING;input:ds007116:surface-resources:PENDING;spec:regional-compared-runtime-atlas-and-model:UNRESOLVED	PENDING	PLANNED:config/result-specifications/regional-peak-gmv-age-surface-figure.yaml#sha256:PENDING	PLANNED:reproduce-ds007116-regional	planned	ds007116 eligibility and input availability are not yet established; Compared tool/condition, atlas, milestone resource, model, exclusions, and multiplicity remain unresolved
claim-abcd--regional-peak-gmv-age-surface-figure	regional-peak-gmv-age-surface-figure	claim-bearing	abcd	figure	PLANNED:studies/abcd/derivatives/morphometrics-analysis-attempt-001/figures/regional-peak-gmv-age-surface-figure.svg	PENDING	PENDING	PENDING:morphometrics-analysis-custom	PENDING	PENDING	input:abcd:cohort-manifest:PENDING;input:abcd:regional-milestone:PENDING;input:abcd:surface-resources:PENDING;spec:regional-compared-runtime-atlas-and-model:UNRESOLVED	PENDING	PLANNED:config/result-specifications/regional-peak-gmv-age-surface-figure.yaml#sha256:PENDING	PLANNED:reproduce-abcd-regional	blocked-input-identity	ABCD release, query, cohort, and authorized retrieval are unresolved; Compared tool/condition, atlas, milestone resource, model, exclusions, and multiplicity remain unresolved
pilot-ds007116--regional-age-bias-coefficient-surface-figure	regional-age-bias-coefficient-surface-figure	pilot-only	ds007116	figure	PLANNED:studies/ds007116/derivatives/morphometrics-analysis-attempt-001/figures/regional-age-bias-coefficient-surface-figure.svg	PENDING	PENDING	PENDING:morphometrics-analysis-custom	PENDING	PENDING	input:ds007116:cohort-manifest:PENDING;input:ds007116:regional-milestone:PENDING;input:ds007116:surface-resources:PENDING;spec:regional-compared-runtime-atlas-and-model:UNRESOLVED	PENDING	PLANNED:config/result-specifications/regional-age-bias-coefficient-surface-figure.yaml#sha256:PENDING	PLANNED:reproduce-ds007116-regional	planned	ds007116 eligibility and input availability are not yet established; Compared tool/condition, atlas, milestone resource, model, exclusions, and multiplicity remain unresolved
claim-abcd--regional-age-bias-coefficient-surface-figure	regional-age-bias-coefficient-surface-figure	claim-bearing	abcd	figure	PLANNED:studies/abcd/derivatives/morphometrics-analysis-attempt-001/figures/regional-age-bias-coefficient-surface-figure.svg	PENDING	PENDING	PENDING:morphometrics-analysis-custom	PENDING	PENDING	input:abcd:cohort-manifest:PENDING;input:abcd:regional-milestone:PENDING;input:abcd:surface-resources:PENDING;spec:regional-compared-runtime-atlas-and-model:UNRESOLVED	PENDING	PLANNED:config/result-specifications/regional-age-bias-coefficient-surface-figure.yaml#sha256:PENDING	PLANNED:reproduce-abcd-regional	blocked-input-identity	ABCD release, query, cohort, and authorized retrieval are unresolved; Compared tool/condition, atlas, milestone resource, model, exclusions, and multiplicity remain unresolved
pilot-ds007116--regional-peak-age-vs-age-bias-scatter-figure	regional-peak-age-vs-age-bias-scatter-figure	pilot-only	ds007116	figure	PLANNED:studies/ds007116/derivatives/morphometrics-analysis-attempt-001/figures/regional-peak-age-vs-age-bias-scatter-figure.svg	PENDING	PENDING	PENDING:morphometrics-analysis-custom	PENDING	PENDING	input:ds007116:cohort-manifest:PENDING;input:ds007116:regional-milestone:PENDING;input:ds007116:surface-resources:PENDING;spec:regional-compared-runtime-atlas-and-model:UNRESOLVED	PENDING	PLANNED:config/result-specifications/regional-peak-age-vs-age-bias-scatter-figure.yaml#sha256:PENDING	PLANNED:reproduce-ds007116-regional	planned	ds007116 eligibility and input availability are not yet established; Compared tool/condition, atlas, milestone resource, model, exclusions, and multiplicity remain unresolved
claim-abcd--regional-peak-age-vs-age-bias-scatter-figure	regional-peak-age-vs-age-bias-scatter-figure	claim-bearing	abcd	figure	PLANNED:studies/abcd/derivatives/morphometrics-analysis-attempt-001/figures/regional-peak-age-vs-age-bias-scatter-figure.svg	PENDING	PENDING	PENDING:morphometrics-analysis-custom	PENDING	PENDING	input:abcd:cohort-manifest:PENDING;input:abcd:regional-milestone:PENDING;input:abcd:surface-resources:PENDING;spec:regional-compared-runtime-atlas-and-model:UNRESOLVED	PENDING	PLANNED:config/result-specifications/regional-peak-age-vs-age-bias-scatter-figure.yaml#sha256:PENDING	PLANNED:reproduce-abcd-regional	blocked-input-identity	ABCD release, query, cohort, and authorized retrieval are unresolved; Compared tool/condition, atlas, milestone resource, model, exclusions, and multiplicity remain unresolved
pilot-ds007116--regional-peak-age-vs-age-bias-r-stat	regional-peak-age-vs-age-bias-r-stat	pilot-only	ds007116	statistic	PLANNED:studies/ds007116/derivatives/morphometrics-analysis-attempt-001/statistics/regional-peak-age-vs-age-bias-r-stat.tsv	PENDING	PENDING	PENDING:morphometrics-analysis-custom	PENDING	PENDING	input:ds007116:cohort-manifest:PENDING;input:ds007116:regional-milestone:PENDING;input:ds007116:surface-resources:PENDING;spec:regional-compared-runtime-atlas-and-model:UNRESOLVED	PENDING	PLANNED:config/result-specifications/regional-peak-age-vs-age-bias-r-stat.yaml#sha256:PENDING	PLANNED:reproduce-ds007116-regional	planned	ds007116 eligibility and input availability are not yet established; Compared tool/condition, atlas, milestone resource, model, exclusions, and multiplicity remain unresolved
claim-abcd--regional-peak-age-vs-age-bias-r-stat	regional-peak-age-vs-age-bias-r-stat	claim-bearing	abcd	statistic	PLANNED:studies/abcd/derivatives/morphometrics-analysis-attempt-001/statistics/regional-peak-age-vs-age-bias-r-stat.tsv	PENDING	PENDING	PENDING:morphometrics-analysis-custom	PENDING	PENDING	input:abcd:cohort-manifest:PENDING;input:abcd:regional-milestone:PENDING;input:abcd:surface-resources:PENDING;spec:regional-compared-runtime-atlas-and-model:UNRESOLVED	PENDING	PLANNED:config/result-specifications/regional-peak-age-vs-age-bias-r-stat.yaml#sha256:PENDING	PLANNED:reproduce-abcd-regional	blocked-input-identity	ABCD release, query, cohort, and authorized retrieval are unresolved; Compared tool/condition, atlas, milestone resource, model, exclusions, and multiplicity remain unresolved
pilot-ds007116--regional-peak-age-vs-age-bias-p-stat	regional-peak-age-vs-age-bias-p-stat	pilot-only	ds007116	statistic	PLANNED:studies/ds007116/derivatives/morphometrics-analysis-attempt-001/statistics/regional-peak-age-vs-age-bias-p-stat.tsv	PENDING	PENDING	PENDING:morphometrics-analysis-custom	PENDING	PENDING	input:ds007116:cohort-manifest:PENDING;input:ds007116:regional-milestone:PENDING;input:ds007116:surface-resources:PENDING;spec:regional-compared-runtime-atlas-and-model:UNRESOLVED	PENDING	PLANNED:config/result-specifications/regional-peak-age-vs-age-bias-p-stat.yaml#sha256:PENDING	PLANNED:reproduce-ds007116-regional	planned	ds007116 eligibility and input availability are not yet established; Compared tool/condition, atlas, milestone resource, model, exclusions, and multiplicity remain unresolved
claim-abcd--regional-peak-age-vs-age-bias-p-stat	regional-peak-age-vs-age-bias-p-stat	claim-bearing	abcd	statistic	PLANNED:studies/abcd/derivatives/morphometrics-analysis-attempt-001/statistics/regional-peak-age-vs-age-bias-p-stat.tsv	PENDING	PENDING	PENDING:morphometrics-analysis-custom	PENDING	PENDING	input:abcd:cohort-manifest:PENDING;input:abcd:regional-milestone:PENDING;input:abcd:surface-resources:PENDING;spec:regional-compared-runtime-atlas-and-model:UNRESOLVED	PENDING	PLANNED:config/result-specifications/regional-peak-age-vs-age-bias-p-stat.yaml#sha256:PENDING	PLANNED:reproduce-abcd-regional	blocked-input-identity	ABCD release, query, cohort, and authorized retrieval are unresolved; Compared tool/condition, atlas, milestone resource, model, exclusions, and multiplicity remain unresolved
pilot-ds007116--regional-analysis-values-table	regional-analysis-values-table	pilot-only	ds007116	table	PLANNED:studies/ds007116/derivatives/morphometrics-analysis-attempt-001/tables/regional-analysis-values-table.tsv	PENDING	PENDING	PENDING:morphometrics-analysis-custom	PENDING	PENDING	input:ds007116:cohort-manifest:PENDING;input:ds007116:regional-milestone:PENDING;input:ds007116:surface-resources:PENDING;spec:regional-compared-runtime-atlas-and-model:UNRESOLVED	PENDING	PLANNED:config/result-specifications/regional-analysis-values-table.yaml#sha256:PENDING	PLANNED:reproduce-ds007116-regional	planned	ds007116 eligibility and input availability are not yet established; Compared tool/condition, atlas, milestone resource, model, exclusions, and multiplicity remain unresolved
claim-abcd--regional-analysis-values-table	regional-analysis-values-table	claim-bearing	abcd	table	PLANNED:studies/abcd/derivatives/morphometrics-analysis-attempt-001/tables/regional-analysis-values-table.tsv	PENDING	PENDING	PENDING:morphometrics-analysis-custom	PENDING	PENDING	input:abcd:cohort-manifest:PENDING;input:abcd:regional-milestone:PENDING;input:abcd:surface-resources:PENDING;spec:regional-compared-runtime-atlas-and-model:UNRESOLVED	PENDING	PLANNED:config/result-specifications/regional-analysis-values-table.yaml#sha256:PENDING	PLANNED:reproduce-abcd-regional	blocked-input-identity	ABCD release, query, cohort, and authorized retrieval are unresolved; Compared tool/condition, atlas, milestone resource, model, exclusions, and multiplicity remain unresolved
pilot-ds007116--version-fs741-vs-fs820-cort-gmv-agreement-figure	version-fs741-vs-fs820-cort-gmv-agreement-figure	pilot-only	ds007116	figure	PLANNED:studies/ds007116/derivatives/morphometrics-analysis-attempt-001/figures/version-fs741-vs-fs820-cort-gmv-agreement-figure.svg	PENDING	PENDING	PENDING:morphometrics-analysis-custom	PENDING	PENDING	input:ds007116:cohort-manifest:PENDING;pilot-ds007116--derivative-reconall-fs741-native;pilot-ds007116--derivative-reconall-fs820-native;spec:version-metrics-percent-difference-and-model:UNRESOLVED	PENDING	PLANNED:config/result-specifications/version-fs741-vs-fs820-cort-gmv-agreement-figure.yaml#sha256:PENDING	PLANNED:reproduce-ds007116-version	planned	ds007116 eligibility and input availability are not yet established; 8.2.0 is an intended reconstruction target, not an identified historical runtime; metric and model specifications remain unresolved
claim-abcd--version-fs741-vs-fs820-cort-gmv-agreement-figure	version-fs741-vs-fs820-cort-gmv-agreement-figure	claim-bearing	abcd	figure	PLANNED:studies/abcd/derivatives/morphometrics-analysis-attempt-001/figures/version-fs741-vs-fs820-cort-gmv-agreement-figure.svg	PENDING	PENDING	PENDING:morphometrics-analysis-custom	PENDING	PENDING	input:abcd:cohort-manifest:PENDING;claim-abcd--derivative-reconall-fs741-native;claim-abcd--derivative-reconall-fs820-native;spec:version-metrics-percent-difference-and-model:UNRESOLVED	PENDING	PLANNED:config/result-specifications/version-fs741-vs-fs820-cort-gmv-agreement-figure.yaml#sha256:PENDING	PLANNED:reproduce-abcd-version	blocked-input-identity	ABCD release, query, cohort, and authorized retrieval are unresolved; 8.2.0 is an intended reconstruction target, not an identified historical runtime; metric and model specifications remain unresolved
pilot-ds007116--version-fs741-vs-fs820-cort-gmv-r2-stat	version-fs741-vs-fs820-cort-gmv-r2-stat	pilot-only	ds007116	statistic	PLANNED:studies/ds007116/derivatives/morphometrics-analysis-attempt-001/statistics/version-fs741-vs-fs820-cort-gmv-r2-stat.tsv	PENDING	PENDING	PENDING:morphometrics-analysis-custom	PENDING	PENDING	input:ds007116:cohort-manifest:PENDING;pilot-ds007116--derivative-reconall-fs741-native;pilot-ds007116--derivative-reconall-fs820-native;spec:version-metrics-percent-difference-and-model:UNRESOLVED	PENDING	PLANNED:config/result-specifications/version-fs741-vs-fs820-cort-gmv-r2-stat.yaml#sha256:PENDING	PLANNED:reproduce-ds007116-version	planned	ds007116 eligibility and input availability are not yet established; 8.2.0 is an intended reconstruction target, not an identified historical runtime; metric and model specifications remain unresolved
claim-abcd--version-fs741-vs-fs820-cort-gmv-r2-stat	version-fs741-vs-fs820-cort-gmv-r2-stat	claim-bearing	abcd	statistic	PLANNED:studies/abcd/derivatives/morphometrics-analysis-attempt-001/statistics/version-fs741-vs-fs820-cort-gmv-r2-stat.tsv	PENDING	PENDING	PENDING:morphometrics-analysis-custom	PENDING	PENDING	input:abcd:cohort-manifest:PENDING;claim-abcd--derivative-reconall-fs741-native;claim-abcd--derivative-reconall-fs820-native;spec:version-metrics-percent-difference-and-model:UNRESOLVED	PENDING	PLANNED:config/result-specifications/version-fs741-vs-fs820-cort-gmv-r2-stat.yaml#sha256:PENDING	PLANNED:reproduce-abcd-version	blocked-input-identity	ABCD release, query, cohort, and authorized retrieval are unresolved; 8.2.0 is an intended reconstruction target, not an identified historical runtime; metric and model specifications remain unresolved
pilot-ds007116--version-fs741-vs-fs820-cereb-wmv-agreement-figure	version-fs741-vs-fs820-cereb-wmv-agreement-figure	pilot-only	ds007116	figure	PLANNED:studies/ds007116/derivatives/morphometrics-analysis-attempt-001/figures/version-fs741-vs-fs820-cereb-wmv-agreement-figure.svg	PENDING	PENDING	PENDING:morphometrics-analysis-custom	PENDING	PENDING	input:ds007116:cohort-manifest:PENDING;pilot-ds007116--derivative-reconall-fs741-native;pilot-ds007116--derivative-reconall-fs820-native;spec:version-metrics-percent-difference-and-model:UNRESOLVED	PENDING	PLANNED:config/result-specifications/version-fs741-vs-fs820-cereb-wmv-agreement-figure.yaml#sha256:PENDING	PLANNED:reproduce-ds007116-version	planned	ds007116 eligibility and input availability are not yet established; 8.2.0 is an intended reconstruction target, not an identified historical runtime; metric and model specifications remain unresolved
claim-abcd--version-fs741-vs-fs820-cereb-wmv-agreement-figure	version-fs741-vs-fs820-cereb-wmv-agreement-figure	claim-bearing	abcd	figure	PLANNED:studies/abcd/derivatives/morphometrics-analysis-attempt-001/figures/version-fs741-vs-fs820-cereb-wmv-agreement-figure.svg	PENDING	PENDING	PENDING:morphometrics-analysis-custom	PENDING	PENDING	input:abcd:cohort-manifest:PENDING;claim-abcd--derivative-reconall-fs741-native;claim-abcd--derivative-reconall-fs820-native;spec:version-metrics-percent-difference-and-model:UNRESOLVED	PENDING	PLANNED:config/result-specifications/version-fs741-vs-fs820-cereb-wmv-agreement-figure.yaml#sha256:PENDING	PLANNED:reproduce-abcd-version	blocked-input-identity	ABCD release, query, cohort, and authorized retrieval are unresolved; 8.2.0 is an intended reconstruction target, not an identified historical runtime; metric and model specifications remain unresolved
pilot-ds007116--version-fs741-vs-fs820-cereb-wmv-r2-stat	version-fs741-vs-fs820-cereb-wmv-r2-stat	pilot-only	ds007116	statistic	PLANNED:studies/ds007116/derivatives/morphometrics-analysis-attempt-001/statistics/version-fs741-vs-fs820-cereb-wmv-r2-stat.tsv	PENDING	PENDING	PENDING:morphometrics-analysis-custom	PENDING	PENDING	input:ds007116:cohort-manifest:PENDING;pilot-ds007116--derivative-reconall-fs741-native;pilot-ds007116--derivative-reconall-fs820-native;spec:version-metrics-percent-difference-and-model:UNRESOLVED	PENDING	PLANNED:config/result-specifications/version-fs741-vs-fs820-cereb-wmv-r2-stat.yaml#sha256:PENDING	PLANNED:reproduce-ds007116-version	planned	ds007116 eligibility and input availability are not yet established; 8.2.0 is an intended reconstruction target, not an identified historical runtime; metric and model specifications remain unresolved
claim-abcd--version-fs741-vs-fs820-cereb-wmv-r2-stat	version-fs741-vs-fs820-cereb-wmv-r2-stat	claim-bearing	abcd	statistic	PLANNED:studies/abcd/derivatives/morphometrics-analysis-attempt-001/statistics/version-fs741-vs-fs820-cereb-wmv-r2-stat.tsv	PENDING	PENDING	PENDING:morphometrics-analysis-custom	PENDING	PENDING	input:abcd:cohort-manifest:PENDING;claim-abcd--derivative-reconall-fs741-native;claim-abcd--derivative-reconall-fs820-native;spec:version-metrics-percent-difference-and-model:UNRESOLVED	PENDING	PLANNED:config/result-specifications/version-fs741-vs-fs820-cereb-wmv-r2-stat.yaml#sha256:PENDING	PLANNED:reproduce-abcd-version	blocked-input-identity	ABCD release, query, cohort, and authorized retrieval are unresolved; 8.2.0 is an intended reconstruction target, not an identified historical runtime; metric and model specifications remain unresolved
pilot-ds007116--version-fs741-vs-fs820-age-residual-figure	version-fs741-vs-fs820-age-residual-figure	pilot-only	ds007116	figure	PLANNED:studies/ds007116/derivatives/morphometrics-analysis-attempt-001/figures/version-fs741-vs-fs820-age-residual-figure.svg	PENDING	PENDING	PENDING:morphometrics-analysis-custom	PENDING	PENDING	input:ds007116:cohort-manifest:PENDING;pilot-ds007116--derivative-reconall-fs741-native;pilot-ds007116--derivative-reconall-fs820-native;spec:version-metrics-percent-difference-and-model:UNRESOLVED	PENDING	PLANNED:config/result-specifications/version-fs741-vs-fs820-age-residual-figure.yaml#sha256:PENDING	PLANNED:reproduce-ds007116-version	planned	ds007116 eligibility and input availability are not yet established; 8.2.0 is an intended reconstruction target, not an identified historical runtime; metric and model specifications remain unresolved
claim-abcd--version-fs741-vs-fs820-age-residual-figure	version-fs741-vs-fs820-age-residual-figure	claim-bearing	abcd	figure	PLANNED:studies/abcd/derivatives/morphometrics-analysis-attempt-001/figures/version-fs741-vs-fs820-age-residual-figure.svg	PENDING	PENDING	PENDING:morphometrics-analysis-custom	PENDING	PENDING	input:abcd:cohort-manifest:PENDING;claim-abcd--derivative-reconall-fs741-native;claim-abcd--derivative-reconall-fs820-native;spec:version-metrics-percent-difference-and-model:UNRESOLVED	PENDING	PLANNED:config/result-specifications/version-fs741-vs-fs820-age-residual-figure.yaml#sha256:PENDING	PLANNED:reproduce-abcd-version	blocked-input-identity	ABCD release, query, cohort, and authorized retrieval are unresolved; 8.2.0 is an intended reconstruction target, not an identified historical runtime; metric and model specifications remain unresolved
pilot-ds007116--accounting-cohort-flow-table	accounting-cohort-flow-table	pilot-only	ds007116	table	PLANNED:studies/ds007116/derivatives/morphometrics-analysis-attempt-001/tables/accounting-cohort-flow-table.tsv	PENDING	PENDING	PENDING:morphometrics-analysis-custom	PENDING	PENDING	input:ds007116:cohort-campaign-runtime-extraction-and-lineage-records:PENDING	PENDING	PLANNED:config/result-specifications/accounting-cohort-flow-table.yaml#sha256:PENDING	PLANNED:reproduce-ds007116-accounting	planned	ds007116 eligibility and input availability are not yet established; Schemas and producing campaigns do not yet exist
claim-abcd--accounting-cohort-flow-table	accounting-cohort-flow-table	claim-bearing	abcd	table	PLANNED:studies/abcd/derivatives/morphometrics-analysis-attempt-001/tables/accounting-cohort-flow-table.tsv	PENDING	PENDING	PENDING:morphometrics-analysis-custom	PENDING	PENDING	input:abcd:cohort-campaign-runtime-extraction-and-lineage-records:PENDING	PENDING	PLANNED:config/result-specifications/accounting-cohort-flow-table.yaml#sha256:PENDING	PLANNED:reproduce-abcd-accounting	blocked-input-identity	ABCD release, query, cohort, and authorized retrieval are unresolved; Schemas and producing campaigns do not yet exist
pilot-ds007116--accounting-campaign-outcomes-table	accounting-campaign-outcomes-table	pilot-only	ds007116	table	PLANNED:studies/ds007116/derivatives/morphometrics-analysis-attempt-001/tables/accounting-campaign-outcomes-table.tsv	PENDING	PENDING	PENDING:morphometrics-analysis-custom	PENDING	PENDING	input:ds007116:cohort-campaign-runtime-extraction-and-lineage-records:PENDING	PENDING	PLANNED:config/result-specifications/accounting-campaign-outcomes-table.yaml#sha256:PENDING	PLANNED:reproduce-ds007116-accounting	planned	ds007116 eligibility and input availability are not yet established; Schemas and producing campaigns do not yet exist
claim-abcd--accounting-campaign-outcomes-table	accounting-campaign-outcomes-table	claim-bearing	abcd	table	PLANNED:studies/abcd/derivatives/morphometrics-analysis-attempt-001/tables/accounting-campaign-outcomes-table.tsv	PENDING	PENDING	PENDING:morphometrics-analysis-custom	PENDING	PENDING	input:abcd:cohort-campaign-runtime-extraction-and-lineage-records:PENDING	PENDING	PLANNED:config/result-specifications/accounting-campaign-outcomes-table.yaml#sha256:PENDING	PLANNED:reproduce-abcd-accounting	blocked-input-identity	ABCD release, query, cohort, and authorized retrieval are unresolved; Schemas and producing campaigns do not yet exist
pilot-ds007116--accounting-input-characteristics-table	accounting-input-characteristics-table	pilot-only	ds007116	table	PLANNED:studies/ds007116/derivatives/morphometrics-analysis-attempt-001/tables/accounting-input-characteristics-table.tsv	PENDING	PENDING	PENDING:morphometrics-analysis-custom	PENDING	PENDING	input:ds007116:cohort-campaign-runtime-extraction-and-lineage-records:PENDING	PENDING	PLANNED:config/result-specifications/accounting-input-characteristics-table.yaml#sha256:PENDING	PLANNED:reproduce-ds007116-accounting	planned	ds007116 eligibility and input availability are not yet established; Schemas and producing campaigns do not yet exist
claim-abcd--accounting-input-characteristics-table	accounting-input-characteristics-table	claim-bearing	abcd	table	PLANNED:studies/abcd/derivatives/morphometrics-analysis-attempt-001/tables/accounting-input-characteristics-table.tsv	PENDING	PENDING	PENDING:morphometrics-analysis-custom	PENDING	PENDING	input:abcd:cohort-campaign-runtime-extraction-and-lineage-records:PENDING	PENDING	PLANNED:config/result-specifications/accounting-input-characteristics-table.yaml#sha256:PENDING	PLANNED:reproduce-abcd-accounting	blocked-input-identity	ABCD release, query, cohort, and authorized retrieval are unresolved; Schemas and producing campaigns do not yet exist
pilot-ds007116--accounting-runtime-identities-table	accounting-runtime-identities-table	pilot-only	ds007116	table	PLANNED:studies/ds007116/derivatives/morphometrics-analysis-attempt-001/tables/accounting-runtime-identities-table.tsv	PENDING	PENDING	PENDING:morphometrics-analysis-custom	PENDING	PENDING	input:ds007116:cohort-campaign-runtime-extraction-and-lineage-records:PENDING	PENDING	PLANNED:config/result-specifications/accounting-runtime-identities-table.yaml#sha256:PENDING	PLANNED:reproduce-ds007116-accounting	planned	ds007116 eligibility and input availability are not yet established; Schemas and producing campaigns do not yet exist
claim-abcd--accounting-runtime-identities-table	accounting-runtime-identities-table	claim-bearing	abcd	table	PLANNED:studies/abcd/derivatives/morphometrics-analysis-attempt-001/tables/accounting-runtime-identities-table.tsv	PENDING	PENDING	PENDING:morphometrics-analysis-custom	PENDING	PENDING	input:abcd:cohort-campaign-runtime-extraction-and-lineage-records:PENDING	PENDING	PLANNED:config/result-specifications/accounting-runtime-identities-table.yaml#sha256:PENDING	PLANNED:reproduce-abcd-accounting	blocked-input-identity	ABCD release, query, cohort, and authorized retrieval are unresolved; Schemas and producing campaigns do not yet exist
pilot-ds007116--accounting-metric-completeness-table	accounting-metric-completeness-table	pilot-only	ds007116	table	PLANNED:studies/ds007116/derivatives/morphometrics-analysis-attempt-001/tables/accounting-metric-completeness-table.tsv	PENDING	PENDING	PENDING:morphometrics-analysis-custom	PENDING	PENDING	input:ds007116:cohort-campaign-runtime-extraction-and-lineage-records:PENDING	PENDING	PLANNED:config/result-specifications/accounting-metric-completeness-table.yaml#sha256:PENDING	PLANNED:reproduce-ds007116-accounting	planned	ds007116 eligibility and input availability are not yet established; Schemas and producing campaigns do not yet exist
claim-abcd--accounting-metric-completeness-table	accounting-metric-completeness-table	claim-bearing	abcd	table	PLANNED:studies/abcd/derivatives/morphometrics-analysis-attempt-001/tables/accounting-metric-completeness-table.tsv	PENDING	PENDING	PENDING:morphometrics-analysis-custom	PENDING	PENDING	input:abcd:cohort-campaign-runtime-extraction-and-lineage-records:PENDING	PENDING	PLANNED:config/result-specifications/accounting-metric-completeness-table.yaml#sha256:PENDING	PLANNED:reproduce-abcd-accounting	blocked-input-identity	ABCD release, query, cohort, and authorized retrieval are unresolved; Schemas and producing campaigns do not yet exist
pilot-ds007116--accounting-result-row-lineage-table	accounting-result-row-lineage-table	pilot-only	ds007116	table	PLANNED:studies/ds007116/derivatives/morphometrics-analysis-attempt-001/tables/accounting-result-row-lineage-table.tsv	PENDING	PENDING	PENDING:morphometrics-analysis-custom	PENDING	PENDING	input:ds007116:cohort-campaign-runtime-extraction-and-lineage-records:PENDING	PENDING	PLANNED:config/result-specifications/accounting-result-row-lineage-table.yaml#sha256:PENDING	PLANNED:reproduce-ds007116-accounting	planned	ds007116 eligibility and input availability are not yet established; Schemas and producing campaigns do not yet exist
claim-abcd--accounting-result-row-lineage-table	accounting-result-row-lineage-table	claim-bearing	abcd	table	PLANNED:studies/abcd/derivatives/morphometrics-analysis-attempt-001/tables/accounting-result-row-lineage-table.tsv	PENDING	PENDING	PENDING:morphometrics-analysis-custom	PENDING	PENDING	input:abcd:cohort-campaign-runtime-extraction-and-lineage-records:PENDING	PENDING	PLANNED:config/result-specifications/accounting-result-row-lineage-table.yaml#sha256:PENDING	PLANNED:reproduce-abcd-accounting	blocked-input-identity	ABCD release, query, cohort, and authorized retrieval are unresolved; Schemas and producing campaigns do not yet exist
pilot-ds007116--derivative-t1w-1x1x5	derivative-t1w-1x1x5	pilot-only	ds007116	derivative	PLANNED:studies/ds007116/derivatives/t1w-1x1x5-attempt-001	PENDING	PENDING	PENDING:t1w-resample-1x1x5-unresolved	PENDING	PENDING	input:ds007116:raw-native-t1w:PENDING;runtime:t1w-resample-1x1x5-unresolved	PENDING	PLANNED:config/result-specifications/derivative-t1w-1x1x5.yaml#sha256:PENDING	PLANNED:run-ds007116-t1w-1x1x5	planned	ds007116 eligibility and input availability are not yet established; Resampling software, grid, orientation, interpolation, anti-aliasing, and input identity are unresolved
claim-abcd--derivative-t1w-1x1x5	derivative-t1w-1x1x5	claim-bearing	abcd	derivative	PLANNED:studies/abcd/derivatives/t1w-1x1x5-attempt-001	PENDING	PENDING	PENDING:t1w-resample-1x1x5-unresolved	PENDING	PENDING	input:abcd:raw-native-t1w:PENDING;runtime:t1w-resample-1x1x5-unresolved	PENDING	PLANNED:config/result-specifications/derivative-t1w-1x1x5.yaml#sha256:PENDING	PLANNED:run-abcd-t1w-1x1x5	blocked-input-identity	ABCD release, query, cohort, and authorized retrieval are unresolved; Resampling software, grid, orientation, interpolation, anti-aliasing, and input identity are unresolved
pilot-ds007116--derivative-reconall-fs741-native	derivative-reconall-fs741-native	pilot-only	ds007116	derivative	PLANNED:studies/ds007116/derivatives/reconall-fs741-native-attempt-001	PENDING	PENDING	PENDING:reconall-fs741-repronim-bids	PENDING	PENDING	input:ds007116:raw-native-t1w-t2w:PENDING;runtime:reconall-fs741-repronim-bids	PENDING	PLANNED:config/result-specifications/derivative-reconall-fs741-native.yaml#sha256:PENDING	PLANNED:run-ds007116-reconall-fs741-native	planned	ds007116 eligibility and input availability are not yet established; Runtime qualification and exact input identities are pending
claim-abcd--derivative-reconall-fs741-native	derivative-reconall-fs741-native	claim-bearing	abcd	derivative	PLANNED:studies/abcd/derivatives/reconall-fs741-native-attempt-001	PENDING	PENDING	PENDING:reconall-fs741-repronim-bids	PENDING	PENDING	input:abcd:raw-native-t1w-t2w:PENDING;runtime:reconall-fs741-repronim-bids	PENDING	PLANNED:config/result-specifications/derivative-reconall-fs741-native.yaml#sha256:PENDING	PLANNED:run-abcd-reconall-fs741-native	blocked-input-identity	ABCD release, query, cohort, and authorized retrieval are unresolved; Runtime qualification and exact input identities are pending
pilot-ds007116--derivative-reconall-fs820-native	derivative-reconall-fs820-native	pilot-only	ds007116	derivative	PLANNED:studies/ds007116/derivatives/reconall-fs820-native-attempt-001	PENDING	PENDING	PENDING:UNRESOLVED:reconall-fs820-qualified-BIDS-App	PENDING	PENDING	input:ds007116:raw-native-t1w-t2w:PENDING;runtime:UNRESOLVED:reconall-fs820-qualified-BIDS-App	PENDING	PLANNED:config/result-specifications/derivative-reconall-fs820-native.yaml#sha256:PENDING	PLANNED:run-ds007116-reconall-fs820-native	planned	ds007116 eligibility and input availability are not yet established; Runtime qualification and exact input identities are pending
claim-abcd--derivative-reconall-fs820-native	derivative-reconall-fs820-native	claim-bearing	abcd	derivative	PLANNED:studies/abcd/derivatives/reconall-fs820-native-attempt-001	PENDING	PENDING	PENDING:UNRESOLVED:reconall-fs820-qualified-BIDS-App	PENDING	PENDING	input:abcd:raw-native-t1w-t2w:PENDING;runtime:UNRESOLVED:reconall-fs820-qualified-BIDS-App	PENDING	PLANNED:config/result-specifications/derivative-reconall-fs820-native.yaml#sha256:PENDING	PLANNED:run-abcd-reconall-fs820-native	blocked-input-identity	ABCD release, query, cohort, and authorized retrieval are unresolved; Runtime qualification and exact input identities are pending
pilot-ds007116--derivative-racl-native	derivative-racl-native	pilot-only	ds007116	derivative	PLANNED:studies/ds007116/derivatives/racl-native-attempt-001	PENDING	PENDING	PENDING:recon-all-clinical-unresolved	PENDING	PENDING	input:ds007116:raw-native-t1w:PENDING;runtime:recon-all-clinical-unresolved	PENDING	PLANNED:config/result-specifications/derivative-racl-native.yaml#sha256:PENDING	PLANNED:run-ds007116-racl-native	planned	ds007116 eligibility and input availability are not yet established; Runtime qualification and exact input identities are pending
claim-abcd--derivative-racl-native	derivative-racl-native	claim-bearing	abcd	derivative	PLANNED:studies/abcd/derivatives/racl-native-attempt-001	PENDING	PENDING	PENDING:recon-all-clinical-unresolved	PENDING	PENDING	input:abcd:raw-native-t1w:PENDING;runtime:recon-all-clinical-unresolved	PENDING	PLANNED:config/result-specifications/derivative-racl-native.yaml#sha256:PENDING	PLANNED:run-abcd-racl-native	blocked-input-identity	ABCD release, query, cohort, and authorized retrieval are unresolved; Runtime qualification and exact input identities are pending
pilot-ds007116--derivative-racl-1x1x5	derivative-racl-1x1x5	pilot-only	ds007116	derivative	PLANNED:studies/ds007116/derivatives/racl-1x1x5-attempt-001	PENDING	PENDING	PENDING:recon-all-clinical-unresolved	PENDING	PENDING	pilot-ds007116--derivative-t1w-1x1x5;runtime:recon-all-clinical-unresolved	PENDING	PLANNED:config/result-specifications/derivative-racl-1x1x5.yaml#sha256:PENDING	PLANNED:run-ds007116-racl-1x1x5	planned	ds007116 eligibility and input availability are not yet established; Runtime qualification and exact input identities are pending
claim-abcd--derivative-racl-1x1x5	derivative-racl-1x1x5	claim-bearing	abcd	derivative	PLANNED:studies/abcd/derivatives/racl-1x1x5-attempt-001	PENDING	PENDING	PENDING:recon-all-clinical-unresolved	PENDING	PENDING	claim-abcd--derivative-t1w-1x1x5;runtime:recon-all-clinical-unresolved	PENDING	PLANNED:config/result-specifications/derivative-racl-1x1x5.yaml#sha256:PENDING	PLANNED:run-abcd-racl-1x1x5	blocked-input-identity	ABCD release, query, cohort, and authorized retrieval are unresolved; Runtime qualification and exact input identities are pending
pilot-ds007116--derivative-rany-native	derivative-rany-native	pilot-only	ds007116	derivative	PLANNED:studies/ds007116/derivatives/rany-native-attempt-001	PENDING	PENDING	PENDING:recon-any-unresolved	PENDING	PENDING	input:ds007116:raw-native-t1w:PENDING;runtime:recon-any-unresolved	PENDING	PLANNED:config/result-specifications/derivative-rany-native.yaml#sha256:PENDING	PLANNED:run-ds007116-rany-native	planned	ds007116 eligibility and input availability are not yet established; Runtime qualification and exact input identities are pending
claim-abcd--derivative-rany-native	derivative-rany-native	claim-bearing	abcd	derivative	PLANNED:studies/abcd/derivatives/rany-native-attempt-001	PENDING	PENDING	PENDING:recon-any-unresolved	PENDING	PENDING	input:abcd:raw-native-t1w:PENDING;runtime:recon-any-unresolved	PENDING	PLANNED:config/result-specifications/derivative-rany-native.yaml#sha256:PENDING	PLANNED:run-abcd-rany-native	blocked-input-identity	ABCD release, query, cohort, and authorized retrieval are unresolved; Runtime qualification and exact input identities are pending
pilot-ds007116--derivative-rany-1x1x5	derivative-rany-1x1x5	pilot-only	ds007116	derivative	PLANNED:studies/ds007116/derivatives/rany-1x1x5-attempt-001	PENDING	PENDING	PENDING:recon-any-unresolved	PENDING	PENDING	pilot-ds007116--derivative-t1w-1x1x5;runtime:recon-any-unresolved	PENDING	PLANNED:config/result-specifications/derivative-rany-1x1x5.yaml#sha256:PENDING	PLANNED:run-ds007116-rany-1x1x5	planned	ds007116 eligibility and input availability are not yet established; Runtime qualification and exact input identities are pending
claim-abcd--derivative-rany-1x1x5	derivative-rany-1x1x5	claim-bearing	abcd	derivative	PLANNED:studies/abcd/derivatives/rany-1x1x5-attempt-001	PENDING	PENDING	PENDING:recon-any-unresolved	PENDING	PENDING	claim-abcd--derivative-t1w-1x1x5;runtime:recon-any-unresolved	PENDING	PLANNED:config/result-specifications/derivative-rany-1x1x5.yaml#sha256:PENDING	PLANNED:run-abcd-rany-1x1x5	blocked-input-identity	ABCD release, query, cohort, and authorized retrieval are unresolved; Runtime qualification and exact input identities are pending
