subject_id	parent_id	subject_kind	location	identity	access_class	license_status	lifecycle_status	notes
ro-root		research-object	.	datalad:baa2ec91-e618-4bac-b382-ac0daf9f779a;git:containing-commit:.	public	UNDECLARED	phase0-complete	Top-level DataLad research object; not a BIDS dataset
dataset-root	ro-root	datalad-dataset	.datalad/config	datalad:baa2ec91-e618-4bac-b382-ac0daf9f779a;git:d5be2909a0c7ed0f4232d346e63f20b5ae249880	public	UNDECLARED	initialized	Repository version 10; SHA256E default configured before any annex keys
config-annex-policy	ro-root	configuration	.gitattributes	git:containing-commit:.gitattributes	public	UNDECLARED	active	Routes non-empty binary content to git-annex with SHA256E and text to Git
config-root-ignore	ro-root	configuration	.gitignore	git:containing-commit:.gitignore	public	UNDECLARED	active	Excludes Python bytecode and local .venv content without hiding Pixi discovery links
policy-agents	ro-root	agent-policy	AGENTS.md	git:dc2b848876de31e42a895de53ef8185bb5bb24a1:AGENTS.md	public	UNDECLARED	active	Requires local skills and commit trailer
doc-readme	ro-root	documentation	README.md	git:containing-commit:README.md	public	UNDECLARED	active	Describes the initialized root, Phase 0 records, tooling, and honest ideal gaps
doc-conversion-plan	ro-root	plan	docs/conversion-plan.md	git:containing-commit:docs/conversion-plan.md	public	UNDECLARED	active	Records the completed in-place bootstrap before Phase 0 and adjusts later phase work
skill-stamped	ro-root	skill	skills/stamped-neuroimaging-analysis/SKILL.md	git:dc2b848876de31e42a895de53ef8185bb5bb24a1:skills/stamped-neuroimaging-analysis/SKILL.md	public	UNDECLARED	active	Complete repository-local STAMPED operating policy
skill-bids-builder	ro-root	skill	skills/bids-app-builder/SKILL.md	git:dc2b848876de31e42a895de53ef8185bb5bb24a1:skills/bids-app-builder/SKILL.md	public	UNDECLARED	available	Required when a project BIDS App is created or adapted
env-pixi-manifest	ro-root	environment-definition	envs/pixi.toml	git:containing-commit:envs/pixi.toml	public	UNDECLARED	active	Pins Pixi requirement and exact DataLad tooling constraints for osx-arm64 and linux-64
env-pixi-lock	ro-root	environment-lock	envs/pixi.lock	git:55a061ebcaf614555fa73e9eea1e45e808199c18:envs/pixi.lock	public	UNDECLARED	active	Exact multi-platform solve; macOS git-annex is a declared host dependency
doc-env-bootstrap	ro-root	documentation	envs/README.md	git:containing-commit:envs/README.md	public	UNDECLARED	active	Documents exact bootstrap, locked commands, and the macOS git-annex boundary
link-pixi-prefix	ro-root	discovery-link	.pixi -> envs/.pixi	git:55a061ebcaf614555fa73e9eea1e45e808199c18:.pixi	public	UNDECLARED	active	Root Pixi prefix discovery link; realized content is ignored
link-pixi-manifest	ro-root	discovery-link	pixi.toml -> envs/pixi.toml	git:55a061ebcaf614555fa73e9eea1e45e808199c18:pixi.toml	public	UNDECLARED	active	Root Pixi manifest discovery link
link-pixi-lock	ro-root	discovery-link	pixi.lock -> envs/pixi.lock	git:55a061ebcaf614555fa73e9eea1e45e808199c18:pixi.lock	public	UNDECLARED	active	Root Pixi lock discovery link
config-pixi-prefix-ignore	ro-root	configuration	envs/.pixi/.gitignore	git:55a061ebcaf614555fa73e9eea1e45e808199c18:envs/.pixi/.gitignore	public	UNDECLARED	active	Tracks only the ignore policy inside the realized Pixi prefix
tool-pixi-bootstrap	ro-root	bootstrap-tool	envs/bootstrap-pixi.sh	git:55a061ebcaf614555fa73e9eea1e45e808199c18:envs/bootstrap-pixi.sh	public	UNDECLARED	active	Checksummed Pixi 0.66.0 installer for supported bootstrap hosts
tool-stamped-validator	ro-root	validation-tool	scripts/validate_stamped.py	git:containing-commit:scripts/validate_stamped.py	public	UNDECLARED	active	Structural and ideal assessment gates
tool-phase0-validator	ro-root	validation-tool	scripts/validate_phase0.py	git:containing-commit:scripts/validate_phase0.py	public	UNDECLARED	active	Checks target coverage, source/runtime inventories, poster identity, and manifest placeholders
record-source-inventory	ro-root	inventory	docs/source-inventory.tsv	git:containing-commit:docs/source-inventory.tsv	public	UNDECLARED	phase0-evidence	Read-only old-repository and missing-evidence inventory
record-evidence-manifest	ro-root	evidence-index	docs/evidence-manifest.tsv	git:containing-commit:docs/evidence-manifest.tsv	public	UNDECLARED	phase0-evidence	Registers poster bytes without redistributing pending permission
record-result-targets	ro-root	result-specification	docs/result-targets.md	git:containing-commit:docs/result-targets.md	public	UNDECLARED	phase0-evidence	Stable target registry and unresolved scientific specifications
record-runtime-candidates	ro-root	runtime-registry	config/runtime-candidates.tsv	git:containing-commit:config/runtime-candidates.tsv	public	UNDECLARED	phase0-evidence	Discovered, planned, and unresolved runtime candidates
record-result-manifest	ro-root	result-index	result-manifest.tsv	git:containing-commit:result-manifest.tsv	public	UNDECLARED	phase0-evidence	Ninety pilot and claim-bearing placeholders covering 45 stable targets
record-components	ro-root	component-inventory	config/components.tsv	git:containing-commit:config/components.tsv	public	UNDECLARED	phase0-evidence	Component boundary assessed by stable identifiers
record-stamped-assessment	ro-root	assessment	config/stamped-assessment.tsv	git:containing-commit:config/stamped-assessment.tsv	public	UNDECLARED	phase0-evidence	Seven-principle root and component assessment
record-hardening	ro-root	decision-record	config/hardening-decisions.tsv	git:containing-commit:config/hardening-decisions.tsv	public	UNDECLARED	phase0-evidence	Signing, SBOM, attestation, and OCI decisions
license-project	ro-root	license-policy	REUSE.toml;LICENSES/;docs/licensing.md	git:containing-commit:REUSE.toml	public	MIT;external-component-terms-scoped	active	MIT covers project-authored material; scoped external terms remain separate
source-old-repo	ro-root	historical-repository	https://github.com/NIMH-MLT/dl_morphometrics_biases	git:448bf1a311c1ab8310cbab613a8123bb4a4f4a00;tree:a20dbdcf9aba57e3661c375a0e4225b37a01d6fb	public	no-repository-license	read-only-evidence	Clean main snapshot; not known result-generating commit
source-old-branch	source-old-repo	historical-branch	origin/add-synthsr-plan	git:7c7e2200945a914eb5fcd1e84c49419429d8ace6;tree:b4df6b4efc65e804889be8222f61585036b6541b	public	no-repository-license	decision-pending	Six later commits; inclusion or exclusion must be decided before import
source-old-manifest	source-old-repo	historical-manifest	pyproject.toml	blob:48961a87e09726b179b73aaf672c367f55ad953b	public	no-repository-license	read-only-evidence	Unpinned dependency ranges and no lock
source-old-constants	source-old-repo	historical-module	dl_morphometrics_helpers/constants.py	blob:84e88351954bf2897eaf763372406d60e9fa1092	public	no-repository-license	candidate-import	Hard-coded controlled and cache paths
source-old-processing	source-old-repo	historical-module	dl_morphometrics_helpers/data_processing.py	blob:d443a231975afeedd1ff7ff71e1e6c6b8d5ef01d	public	no-repository-license	candidate-import	Two helper functions
source-old-fsstats	source-old-repo	historical-script	scripts/fsstats_extraction.py	blob:5658ea7985908101674a3996ead3fa9f612c154d	public	no-repository-license	candidate-import	Path-cache and implicit output concerns
source-old-freeview	source-old-repo	historical-script	scripts/comparison_script.sh	blob:a6ba84cdc9557783dae00184978093860f32d129	public	no-repository-license	read-only-evidence	Interactive and host-dependent
source-old-nb-check	source-old-repo	historical-notebook	notebooks/check_numbers.ipynb	blob:1bef5e5188b862c7bc6c7964e2724de53b037957	public	no-repository-license	read-only-evidence	Outputs stripped and inputs absent
source-old-nb-logs	source-old-repo	historical-notebook	notebooks/exploration-recon-any-swarm.ipynb	blob:a1772535a8fbf6d2de0c1e7a4d9625b6832ebb6a	public	no-repository-license	read-only-evidence	Referenced logs absent
source-old-nb-figures	source-old-repo	historical-notebook	notebooks/figures.ipynb	blob:720b364a88a3a1e0922360230979d403e2fec7b5	public	no-repository-license	candidate-import	Broken references, unseeded split, no outputs
source-old-nb-process	source-old-repo	historical-notebook	notebooks/process_freesurfer_recon-any.ipynb	blob:e5d50b419cf3b4453902dc319f0bfb334a8df03f	public	no-repository-license	read-only-evidence	Duplicates script and mutates environment metadata
source-old-nb-rany	source-old-repo	historical-notebook	notebooks/run_freesurfer.ipynb	blob:28ce57d7b737af271fb76d0df771bacf7e71fea5	public	no-repository-license	read-only-evidence	Exact runtime, weights, commands, and logs absent
source-old-nb-fs8	source-old-repo	historical-notebook	notebooks/run_freesurfer8-recon-all.ipynb	blob:0c0b203e3b4a2ee332afd0cb1ba30a02a6d18dd9	public	no-repository-license	read-only-evidence	Historical mention is 8.0.0, not intended 8.2.0 target
evidence-poster	ro-root	reference-evidence	docs/reference/recon_all_recon_any_poster_ohbm2025.pdf	annex:SHA256E-s943963--9031199b6da81817e157bb3e762cedf349a844444a707cbb6ff97a4acba901f6.pdf;doi:10.17605/OSF.IO/P3KNS	public	LicenseRef-OHBM2025-Poster-Evidence;broader-terms-unresolved	registered	Exact OSF version 1 bytes are annexed and retrievable from OSF and GIN; project grants no broader poster rights
storage-gin	ro-root	annex-sibling	https://gin.g-node.org/leej3/STAMPED-dl_morphometrics_biases	annex-uuid:99822df6-f62f-4161-925a-e444e68c8625;datalad:baa2ec91-e618-4bac-b382-ac0daf9f779a	public	service-terms	registered	Public DataLad/git-annex sibling with HTTPS reads, SSH writes, and poster content
input-ds007116	ro-root	planned-input	studies/ds007116/sourcedata/raw/	UNRESOLVED:snapshot	planned-public	external-terms-pending	not-installed	Open engineering/scientific pilot; eligibility and acquisition availability unverified
input-abcd	ro-root	planned-input	studies/abcd/sourcedata/raw/	UNRESOLVED:release-query-and-files	controlled	DUC-pending	not-installed	Claim-bearing input; retrievable only by authorized users when identified
input-milestones	ro-root	planned-input	studies/*/sourcedata/regional-milestones/	UNRESOLVED:resource-version	planned-public	external-terms-pending	not-installed	Exact Bethlehem milestone table and mapping not pinned
input-templateflow	ro-root	planned-input	studies/*/sourcedata/templateflow/	UNRESOLVED:artifact-identities	planned-public	external-terms-pending	not-installed	Must be staged by content rather than host cache
runtime-fs741	ro-root	runtime-candidate	config/runtime-candidates.tsv#reconall-fs741-repronim-bids	source:ReproNim/containers@0284fc8ad8b7fa9a76c3c9f03cfb2919708ba2b2;SIF:PENDING	planned-public	pending-review	discovered	Exact annex key, SHA256, architecture, terms, and qualification pending
runtime-fs820-neurodesk	ro-root	runtime-candidate	config/runtime-candidates.tsv#reconall-fs820-repronim-neurodesk	source:ReproNim/containers@0284fc8ad8b7fa9a76c3c9f03cfb2919708ba2b2;SIF:PENDING	planned-public	pending-review	discovered	Tool image lacks required confirmed BIDS App interface
runtime-fs820-project	ro-root	runtime-candidate	config/runtime-candidates.tsv#reconall-fs820-project-bidsapp	none	planned-public	pending-review	planned	Wrapper and image do not yet exist
runtime-rany	ro-root	runtime-candidate	config/runtime-candidates.tsv#recon-any-unresolved	unknown	unknown	unknown	unresolved	Release, build, weights, interface, architecture, and terms unresolved
runtime-racl	ro-root	runtime-candidate	config/runtime-candidates.tsv#recon-all-clinical-unresolved	unknown	unknown	unknown	unresolved	Release, build, weights, interface, architecture, and terms unresolved
runtime-resample	ro-root	runtime-candidate	config/runtime-candidates.tsv#t1w-resample-1x1x5-unresolved	unknown	planned-public	pending-review	unresolved	Algorithm and exact execution specification unresolved
runtime-analysis	ro-root	runtime-candidate	config/runtime-candidates.tsv#morphometrics-analysis-custom	none	planned-public	pending-review	planned	Authored operation boundaries and SIF not built
results-global	ro-root	planned-result-family	result-manifest.tsv#global-*	PENDING:child-result-identities	mixed-by-child	UNDECLARED	planned	Agreement, R2, residual panels, and values table for pilot and claim studies
results-regional	ro-root	planned-result-family	result-manifest.tsv#regional-*	PENDING:child-result-identities	mixed-by-child	UNDECLARED	planned	Regional surfaces, scatter, statistics, and values table
results-version	ro-root	planned-result-family	result-manifest.tsv#version-*	PENDING:child-result-identities	mixed-by-child	UNDECLARED	planned	FreeSurfer 7.4.1 versus intended 8.2.0 comparison
results-accounting	ro-root	planned-result-family	result-manifest.tsv#accounting-*	PENDING:child-result-identities	mixed-by-child	UNDECLARED	planned	Cohort, campaign, input, runtime, completeness, and lineage tables
results-derivatives	ro-root	planned-result-family	result-manifest.tsv#derivative-*	PENDING:child-result-identities	mixed-by-child	external-and-project-terms-pending	planned	Resampling plus six reconstruction derivative variants for pilot and claim studies
pilot-ds007116--global-racl-native-cort-gmv-agreement-figure	results-global	planned-figure	PLANNED:studies/ds007116/derivatives/morphometrics-analysis-attempt-001/figures/global-racl-native-cort-gmv-agreement-figure.svg	PENDING:dataset-commit-run-record-and-output-identity	planned-public	UNDECLARED	planned	pilot-only instance of global-racl-native-cort-gmv-agreement-figure
claim-abcd--global-racl-native-cort-gmv-agreement-figure	results-global	planned-figure	PLANNED:studies/abcd/derivatives/morphometrics-analysis-attempt-001/figures/global-racl-native-cort-gmv-agreement-figure.svg	PENDING:dataset-commit-run-record-and-output-identity	controlled	UNDECLARED	planned	claim-bearing instance of global-racl-native-cort-gmv-agreement-figure
pilot-ds007116--global-racl-native-cort-gmv-r2-stat	results-global	planned-statistic	PLANNED:studies/ds007116/derivatives/morphometrics-analysis-attempt-001/statistics/global-racl-native-cort-gmv-r2-stat.tsv	PENDING:dataset-commit-run-record-and-output-identity	planned-public	UNDECLARED	planned	pilot-only instance of global-racl-native-cort-gmv-r2-stat
claim-abcd--global-racl-native-cort-gmv-r2-stat	results-global	planned-statistic	PLANNED:studies/abcd/derivatives/morphometrics-analysis-attempt-001/statistics/global-racl-native-cort-gmv-r2-stat.tsv	PENDING:dataset-commit-run-record-and-output-identity	controlled	UNDECLARED	planned	claim-bearing instance of global-racl-native-cort-gmv-r2-stat
pilot-ds007116--global-racl-native-cereb-wmv-agreement-figure	results-global	planned-figure	PLANNED:studies/ds007116/derivatives/morphometrics-analysis-attempt-001/figures/global-racl-native-cereb-wmv-agreement-figure.svg	PENDING:dataset-commit-run-record-and-output-identity	planned-public	UNDECLARED	planned	pilot-only instance of global-racl-native-cereb-wmv-agreement-figure
claim-abcd--global-racl-native-cereb-wmv-agreement-figure	results-global	planned-figure	PLANNED:studies/abcd/derivatives/morphometrics-analysis-attempt-001/figures/global-racl-native-cereb-wmv-agreement-figure.svg	PENDING:dataset-commit-run-record-and-output-identity	controlled	UNDECLARED	planned	claim-bearing instance of global-racl-native-cereb-wmv-agreement-figure
pilot-ds007116--global-racl-native-cereb-wmv-r2-stat	results-global	planned-statistic	PLANNED:studies/ds007116/derivatives/morphometrics-analysis-attempt-001/statistics/global-racl-native-cereb-wmv-r2-stat.tsv	PENDING:dataset-commit-run-record-and-output-identity	planned-public	UNDECLARED	planned	pilot-only instance of global-racl-native-cereb-wmv-r2-stat
claim-abcd--global-racl-native-cereb-wmv-r2-stat	results-global	planned-statistic	PLANNED:studies/abcd/derivatives/morphometrics-analysis-attempt-001/statistics/global-racl-native-cereb-wmv-r2-stat.tsv	PENDING:dataset-commit-run-record-and-output-identity	controlled	UNDECLARED	planned	claim-bearing instance of global-racl-native-cereb-wmv-r2-stat
pilot-ds007116--global-racl-native-age-residual-figure	results-global	planned-figure	PLANNED:studies/ds007116/derivatives/morphometrics-analysis-attempt-001/figures/global-racl-native-age-residual-figure.svg	PENDING:dataset-commit-run-record-and-output-identity	planned-public	UNDECLARED	planned	pilot-only instance of global-racl-native-age-residual-figure
claim-abcd--global-racl-native-age-residual-figure	results-global	planned-figure	PLANNED:studies/abcd/derivatives/morphometrics-analysis-attempt-001/figures/global-racl-native-age-residual-figure.svg	PENDING:dataset-commit-run-record-and-output-identity	controlled	UNDECLARED	planned	claim-bearing instance of global-racl-native-age-residual-figure
pilot-ds007116--global-racl-1x1x5-cort-gmv-agreement-figure	results-global	planned-figure	PLANNED:studies/ds007116/derivatives/morphometrics-analysis-attempt-001/figures/global-racl-1x1x5-cort-gmv-agreement-figure.svg	PENDING:dataset-commit-run-record-and-output-identity	planned-public	UNDECLARED	planned	pilot-only instance of global-racl-1x1x5-cort-gmv-agreement-figure
claim-abcd--global-racl-1x1x5-cort-gmv-agreement-figure	results-global	planned-figure	PLANNED:studies/abcd/derivatives/morphometrics-analysis-attempt-001/figures/global-racl-1x1x5-cort-gmv-agreement-figure.svg	PENDING:dataset-commit-run-record-and-output-identity	controlled	UNDECLARED	planned	claim-bearing instance of global-racl-1x1x5-cort-gmv-agreement-figure
pilot-ds007116--global-racl-1x1x5-cort-gmv-r2-stat	results-global	planned-statistic	PLANNED:studies/ds007116/derivatives/morphometrics-analysis-attempt-001/statistics/global-racl-1x1x5-cort-gmv-r2-stat.tsv	PENDING:dataset-commit-run-record-and-output-identity	planned-public	UNDECLARED	planned	pilot-only instance of global-racl-1x1x5-cort-gmv-r2-stat
claim-abcd--global-racl-1x1x5-cort-gmv-r2-stat	results-global	planned-statistic	PLANNED:studies/abcd/derivatives/morphometrics-analysis-attempt-001/statistics/global-racl-1x1x5-cort-gmv-r2-stat.tsv	PENDING:dataset-commit-run-record-and-output-identity	controlled	UNDECLARED	planned	claim-bearing instance of global-racl-1x1x5-cort-gmv-r2-stat
pilot-ds007116--global-racl-1x1x5-cereb-wmv-agreement-figure	results-global	planned-figure	PLANNED:studies/ds007116/derivatives/morphometrics-analysis-attempt-001/figures/global-racl-1x1x5-cereb-wmv-agreement-figure.svg	PENDING:dataset-commit-run-record-and-output-identity	planned-public	UNDECLARED	planned	pilot-only instance of global-racl-1x1x5-cereb-wmv-agreement-figure
claim-abcd--global-racl-1x1x5-cereb-wmv-agreement-figure	results-global	planned-figure	PLANNED:studies/abcd/derivatives/morphometrics-analysis-attempt-001/figures/global-racl-1x1x5-cereb-wmv-agreement-figure.svg	PENDING:dataset-commit-run-record-and-output-identity	controlled	UNDECLARED	planned	claim-bearing instance of global-racl-1x1x5-cereb-wmv-agreement-figure
pilot-ds007116--global-racl-1x1x5-cereb-wmv-r2-stat	results-global	planned-statistic	PLANNED:studies/ds007116/derivatives/morphometrics-analysis-attempt-001/statistics/global-racl-1x1x5-cereb-wmv-r2-stat.tsv	PENDING:dataset-commit-run-record-and-output-identity	planned-public	UNDECLARED	planned	pilot-only instance of global-racl-1x1x5-cereb-wmv-r2-stat
claim-abcd--global-racl-1x1x5-cereb-wmv-r2-stat	results-global	planned-statistic	PLANNED:studies/abcd/derivatives/morphometrics-analysis-attempt-001/statistics/global-racl-1x1x5-cereb-wmv-r2-stat.tsv	PENDING:dataset-commit-run-record-and-output-identity	controlled	UNDECLARED	planned	claim-bearing instance of global-racl-1x1x5-cereb-wmv-r2-stat
pilot-ds007116--global-racl-1x1x5-age-residual-figure	results-global	planned-figure	PLANNED:studies/ds007116/derivatives/morphometrics-analysis-attempt-001/figures/global-racl-1x1x5-age-residual-figure.svg	PENDING:dataset-commit-run-record-and-output-identity	planned-public	UNDECLARED	planned	pilot-only instance of global-racl-1x1x5-age-residual-figure
claim-abcd--global-racl-1x1x5-age-residual-figure	results-global	planned-figure	PLANNED:studies/abcd/derivatives/morphometrics-analysis-attempt-001/figures/global-racl-1x1x5-age-residual-figure.svg	PENDING:dataset-commit-run-record-and-output-identity	controlled	UNDECLARED	planned	claim-bearing instance of global-racl-1x1x5-age-residual-figure
pilot-ds007116--global-rany-native-cort-gmv-agreement-figure	results-global	planned-figure	PLANNED:studies/ds007116/derivatives/morphometrics-analysis-attempt-001/figures/global-rany-native-cort-gmv-agreement-figure.svg	PENDING:dataset-commit-run-record-and-output-identity	planned-public	UNDECLARED	planned	pilot-only instance of global-rany-native-cort-gmv-agreement-figure
claim-abcd--global-rany-native-cort-gmv-agreement-figure	results-global	planned-figure	PLANNED:studies/abcd/derivatives/morphometrics-analysis-attempt-001/figures/global-rany-native-cort-gmv-agreement-figure.svg	PENDING:dataset-commit-run-record-and-output-identity	controlled	UNDECLARED	planned	claim-bearing instance of global-rany-native-cort-gmv-agreement-figure
pilot-ds007116--global-rany-native-cort-gmv-r2-stat	results-global	planned-statistic	PLANNED:studies/ds007116/derivatives/morphometrics-analysis-attempt-001/statistics/global-rany-native-cort-gmv-r2-stat.tsv	PENDING:dataset-commit-run-record-and-output-identity	planned-public	UNDECLARED	planned	pilot-only instance of global-rany-native-cort-gmv-r2-stat
claim-abcd--global-rany-native-cort-gmv-r2-stat	results-global	planned-statistic	PLANNED:studies/abcd/derivatives/morphometrics-analysis-attempt-001/statistics/global-rany-native-cort-gmv-r2-stat.tsv	PENDING:dataset-commit-run-record-and-output-identity	controlled	UNDECLARED	planned	claim-bearing instance of global-rany-native-cort-gmv-r2-stat
pilot-ds007116--global-rany-native-cereb-wmv-agreement-figure	results-global	planned-figure	PLANNED:studies/ds007116/derivatives/morphometrics-analysis-attempt-001/figures/global-rany-native-cereb-wmv-agreement-figure.svg	PENDING:dataset-commit-run-record-and-output-identity	planned-public	UNDECLARED	planned	pilot-only instance of global-rany-native-cereb-wmv-agreement-figure
claim-abcd--global-rany-native-cereb-wmv-agreement-figure	results-global	planned-figure	PLANNED:studies/abcd/derivatives/morphometrics-analysis-attempt-001/figures/global-rany-native-cereb-wmv-agreement-figure.svg	PENDING:dataset-commit-run-record-and-output-identity	controlled	UNDECLARED	planned	claim-bearing instance of global-rany-native-cereb-wmv-agreement-figure
pilot-ds007116--global-rany-native-cereb-wmv-r2-stat	results-global	planned-statistic	PLANNED:studies/ds007116/derivatives/morphometrics-analysis-attempt-001/statistics/global-rany-native-cereb-wmv-r2-stat.tsv	PENDING:dataset-commit-run-record-and-output-identity	planned-public	UNDECLARED	planned	pilot-only instance of global-rany-native-cereb-wmv-r2-stat
claim-abcd--global-rany-native-cereb-wmv-r2-stat	results-global	planned-statistic	PLANNED:studies/abcd/derivatives/morphometrics-analysis-attempt-001/statistics/global-rany-native-cereb-wmv-r2-stat.tsv	PENDING:dataset-commit-run-record-and-output-identity	controlled	UNDECLARED	planned	claim-bearing instance of global-rany-native-cereb-wmv-r2-stat
pilot-ds007116--global-rany-native-age-residual-figure	results-global	planned-figure	PLANNED:studies/ds007116/derivatives/morphometrics-analysis-attempt-001/figures/global-rany-native-age-residual-figure.svg	PENDING:dataset-commit-run-record-and-output-identity	planned-public	UNDECLARED	planned	pilot-only instance of global-rany-native-age-residual-figure
claim-abcd--global-rany-native-age-residual-figure	results-global	planned-figure	PLANNED:studies/abcd/derivatives/morphometrics-analysis-attempt-001/figures/global-rany-native-age-residual-figure.svg	PENDING:dataset-commit-run-record-and-output-identity	controlled	UNDECLARED	planned	claim-bearing instance of global-rany-native-age-residual-figure
pilot-ds007116--global-rany-1x1x5-cort-gmv-agreement-figure	results-global	planned-figure	PLANNED:studies/ds007116/derivatives/morphometrics-analysis-attempt-001/figures/global-rany-1x1x5-cort-gmv-agreement-figure.svg	PENDING:dataset-commit-run-record-and-output-identity	planned-public	UNDECLARED	planned	pilot-only instance of global-rany-1x1x5-cort-gmv-agreement-figure
claim-abcd--global-rany-1x1x5-cort-gmv-agreement-figure	results-global	planned-figure	PLANNED:studies/abcd/derivatives/morphometrics-analysis-attempt-001/figures/global-rany-1x1x5-cort-gmv-agreement-figure.svg	PENDING:dataset-commit-run-record-and-output-identity	controlled	UNDECLARED	planned	claim-bearing instance of global-rany-1x1x5-cort-gmv-agreement-figure
pilot-ds007116--global-rany-1x1x5-cort-gmv-r2-stat	results-global	planned-statistic	PLANNED:studies/ds007116/derivatives/morphometrics-analysis-attempt-001/statistics/global-rany-1x1x5-cort-gmv-r2-stat.tsv	PENDING:dataset-commit-run-record-and-output-identity	planned-public	UNDECLARED	planned	pilot-only instance of global-rany-1x1x5-cort-gmv-r2-stat
claim-abcd--global-rany-1x1x5-cort-gmv-r2-stat	results-global	planned-statistic	PLANNED:studies/abcd/derivatives/morphometrics-analysis-attempt-001/statistics/global-rany-1x1x5-cort-gmv-r2-stat.tsv	PENDING:dataset-commit-run-record-and-output-identity	controlled	UNDECLARED	planned	claim-bearing instance of global-rany-1x1x5-cort-gmv-r2-stat
pilot-ds007116--global-rany-1x1x5-cereb-wmv-agreement-figure	results-global	planned-figure	PLANNED:studies/ds007116/derivatives/morphometrics-analysis-attempt-001/figures/global-rany-1x1x5-cereb-wmv-agreement-figure.svg	PENDING:dataset-commit-run-record-and-output-identity	planned-public	UNDECLARED	planned	pilot-only instance of global-rany-1x1x5-cereb-wmv-agreement-figure
claim-abcd--global-rany-1x1x5-cereb-wmv-agreement-figure	results-global	planned-figure	PLANNED:studies/abcd/derivatives/morphometrics-analysis-attempt-001/figures/global-rany-1x1x5-cereb-wmv-agreement-figure.svg	PENDING:dataset-commit-run-record-and-output-identity	controlled	UNDECLARED	planned	claim-bearing instance of global-rany-1x1x5-cereb-wmv-agreement-figure
pilot-ds007116--global-rany-1x1x5-cereb-wmv-r2-stat	results-global	planned-statistic	PLANNED:studies/ds007116/derivatives/morphometrics-analysis-attempt-001/statistics/global-rany-1x1x5-cereb-wmv-r2-stat.tsv	PENDING:dataset-commit-run-record-and-output-identity	planned-public	UNDECLARED	planned	pilot-only instance of global-rany-1x1x5-cereb-wmv-r2-stat
claim-abcd--global-rany-1x1x5-cereb-wmv-r2-stat	results-global	planned-statistic	PLANNED:studies/abcd/derivatives/morphometrics-analysis-attempt-001/statistics/global-rany-1x1x5-cereb-wmv-r2-stat.tsv	PENDING:dataset-commit-run-record-and-output-identity	controlled	UNDECLARED	planned	claim-bearing instance of global-rany-1x1x5-cereb-wmv-r2-stat
pilot-ds007116--global-rany-1x1x5-age-residual-figure	results-global	planned-figure	PLANNED:studies/ds007116/derivatives/morphometrics-analysis-attempt-001/figures/global-rany-1x1x5-age-residual-figure.svg	PENDING:dataset-commit-run-record-and-output-identity	planned-public	UNDECLARED	planned	pilot-only instance of global-rany-1x1x5-age-residual-figure
claim-abcd--global-rany-1x1x5-age-residual-figure	results-global	planned-figure	PLANNED:studies/abcd/derivatives/morphometrics-analysis-attempt-001/figures/global-rany-1x1x5-age-residual-figure.svg	PENDING:dataset-commit-run-record-and-output-identity	controlled	UNDECLARED	planned	claim-bearing instance of global-rany-1x1x5-age-residual-figure
pilot-ds007116--global-panel-values-table	results-global	planned-table	PLANNED:studies/ds007116/derivatives/morphometrics-analysis-attempt-001/tables/global-panel-values-table.tsv	PENDING:dataset-commit-run-record-and-output-identity	planned-public	UNDECLARED	planned	pilot-only instance of global-panel-values-table
claim-abcd--global-panel-values-table	results-global	planned-table	PLANNED:studies/abcd/derivatives/morphometrics-analysis-attempt-001/tables/global-panel-values-table.tsv	PENDING:dataset-commit-run-record-and-output-identity	controlled	UNDECLARED	planned	claim-bearing instance of global-panel-values-table
pilot-ds007116--regional-peak-gmv-age-surface-figure	results-regional	planned-figure	PLANNED:studies/ds007116/derivatives/morphometrics-analysis-attempt-001/figures/regional-peak-gmv-age-surface-figure.svg	PENDING:dataset-commit-run-record-and-output-identity	planned-public	UNDECLARED	planned	pilot-only instance of regional-peak-gmv-age-surface-figure
claim-abcd--regional-peak-gmv-age-surface-figure	results-regional	planned-figure	PLANNED:studies/abcd/derivatives/morphometrics-analysis-attempt-001/figures/regional-peak-gmv-age-surface-figure.svg	PENDING:dataset-commit-run-record-and-output-identity	controlled	UNDECLARED	planned	claim-bearing instance of regional-peak-gmv-age-surface-figure
pilot-ds007116--regional-age-bias-coefficient-surface-figure	results-regional	planned-figure	PLANNED:studies/ds007116/derivatives/morphometrics-analysis-attempt-001/figures/regional-age-bias-coefficient-surface-figure.svg	PENDING:dataset-commit-run-record-and-output-identity	planned-public	UNDECLARED	planned	pilot-only instance of regional-age-bias-coefficient-surface-figure
claim-abcd--regional-age-bias-coefficient-surface-figure	results-regional	planned-figure	PLANNED:studies/abcd/derivatives/morphometrics-analysis-attempt-001/figures/regional-age-bias-coefficient-surface-figure.svg	PENDING:dataset-commit-run-record-and-output-identity	controlled	UNDECLARED	planned	claim-bearing instance of regional-age-bias-coefficient-surface-figure
pilot-ds007116--regional-peak-age-vs-age-bias-scatter-figure	results-regional	planned-figure	PLANNED:studies/ds007116/derivatives/morphometrics-analysis-attempt-001/figures/regional-peak-age-vs-age-bias-scatter-figure.svg	PENDING:dataset-commit-run-record-and-output-identity	planned-public	UNDECLARED	planned	pilot-only instance of regional-peak-age-vs-age-bias-scatter-figure
claim-abcd--regional-peak-age-vs-age-bias-scatter-figure	results-regional	planned-figure	PLANNED:studies/abcd/derivatives/morphometrics-analysis-attempt-001/figures/regional-peak-age-vs-age-bias-scatter-figure.svg	PENDING:dataset-commit-run-record-and-output-identity	controlled	UNDECLARED	planned	claim-bearing instance of regional-peak-age-vs-age-bias-scatter-figure
pilot-ds007116--regional-peak-age-vs-age-bias-r-stat	results-regional	planned-statistic	PLANNED:studies/ds007116/derivatives/morphometrics-analysis-attempt-001/statistics/regional-peak-age-vs-age-bias-r-stat.tsv	PENDING:dataset-commit-run-record-and-output-identity	planned-public	UNDECLARED	planned	pilot-only instance of regional-peak-age-vs-age-bias-r-stat
claim-abcd--regional-peak-age-vs-age-bias-r-stat	results-regional	planned-statistic	PLANNED:studies/abcd/derivatives/morphometrics-analysis-attempt-001/statistics/regional-peak-age-vs-age-bias-r-stat.tsv	PENDING:dataset-commit-run-record-and-output-identity	controlled	UNDECLARED	planned	claim-bearing instance of regional-peak-age-vs-age-bias-r-stat
pilot-ds007116--regional-peak-age-vs-age-bias-p-stat	results-regional	planned-statistic	PLANNED:studies/ds007116/derivatives/morphometrics-analysis-attempt-001/statistics/regional-peak-age-vs-age-bias-p-stat.tsv	PENDING:dataset-commit-run-record-and-output-identity	planned-public	UNDECLARED	planned	pilot-only instance of regional-peak-age-vs-age-bias-p-stat
claim-abcd--regional-peak-age-vs-age-bias-p-stat	results-regional	planned-statistic	PLANNED:studies/abcd/derivatives/morphometrics-analysis-attempt-001/statistics/regional-peak-age-vs-age-bias-p-stat.tsv	PENDING:dataset-commit-run-record-and-output-identity	controlled	UNDECLARED	planned	claim-bearing instance of regional-peak-age-vs-age-bias-p-stat
pilot-ds007116--regional-analysis-values-table	results-regional	planned-table	PLANNED:studies/ds007116/derivatives/morphometrics-analysis-attempt-001/tables/regional-analysis-values-table.tsv	PENDING:dataset-commit-run-record-and-output-identity	planned-public	UNDECLARED	planned	pilot-only instance of regional-analysis-values-table
claim-abcd--regional-analysis-values-table	results-regional	planned-table	PLANNED:studies/abcd/derivatives/morphometrics-analysis-attempt-001/tables/regional-analysis-values-table.tsv	PENDING:dataset-commit-run-record-and-output-identity	controlled	UNDECLARED	planned	claim-bearing instance of regional-analysis-values-table
pilot-ds007116--version-fs741-vs-fs820-cort-gmv-agreement-figure	results-version	planned-figure	PLANNED:studies/ds007116/derivatives/morphometrics-analysis-attempt-001/figures/version-fs741-vs-fs820-cort-gmv-agreement-figure.svg	PENDING:dataset-commit-run-record-and-output-identity	planned-public	UNDECLARED	planned	pilot-only instance of version-fs741-vs-fs820-cort-gmv-agreement-figure
claim-abcd--version-fs741-vs-fs820-cort-gmv-agreement-figure	results-version	planned-figure	PLANNED:studies/abcd/derivatives/morphometrics-analysis-attempt-001/figures/version-fs741-vs-fs820-cort-gmv-agreement-figure.svg	PENDING:dataset-commit-run-record-and-output-identity	controlled	UNDECLARED	planned	claim-bearing instance of version-fs741-vs-fs820-cort-gmv-agreement-figure
pilot-ds007116--version-fs741-vs-fs820-cort-gmv-r2-stat	results-version	planned-statistic	PLANNED:studies/ds007116/derivatives/morphometrics-analysis-attempt-001/statistics/version-fs741-vs-fs820-cort-gmv-r2-stat.tsv	PENDING:dataset-commit-run-record-and-output-identity	planned-public	UNDECLARED	planned	pilot-only instance of version-fs741-vs-fs820-cort-gmv-r2-stat
claim-abcd--version-fs741-vs-fs820-cort-gmv-r2-stat	results-version	planned-statistic	PLANNED:studies/abcd/derivatives/morphometrics-analysis-attempt-001/statistics/version-fs741-vs-fs820-cort-gmv-r2-stat.tsv	PENDING:dataset-commit-run-record-and-output-identity	controlled	UNDECLARED	planned	claim-bearing instance of version-fs741-vs-fs820-cort-gmv-r2-stat
pilot-ds007116--version-fs741-vs-fs820-cereb-wmv-agreement-figure	results-version	planned-figure	PLANNED:studies/ds007116/derivatives/morphometrics-analysis-attempt-001/figures/version-fs741-vs-fs820-cereb-wmv-agreement-figure.svg	PENDING:dataset-commit-run-record-and-output-identity	planned-public	UNDECLARED	planned	pilot-only instance of version-fs741-vs-fs820-cereb-wmv-agreement-figure
claim-abcd--version-fs741-vs-fs820-cereb-wmv-agreement-figure	results-version	planned-figure	PLANNED:studies/abcd/derivatives/morphometrics-analysis-attempt-001/figures/version-fs741-vs-fs820-cereb-wmv-agreement-figure.svg	PENDING:dataset-commit-run-record-and-output-identity	controlled	UNDECLARED	planned	claim-bearing instance of version-fs741-vs-fs820-cereb-wmv-agreement-figure
pilot-ds007116--version-fs741-vs-fs820-cereb-wmv-r2-stat	results-version	planned-statistic	PLANNED:studies/ds007116/derivatives/morphometrics-analysis-attempt-001/statistics/version-fs741-vs-fs820-cereb-wmv-r2-stat.tsv	PENDING:dataset-commit-run-record-and-output-identity	planned-public	UNDECLARED	planned	pilot-only instance of version-fs741-vs-fs820-cereb-wmv-r2-stat
claim-abcd--version-fs741-vs-fs820-cereb-wmv-r2-stat	results-version	planned-statistic	PLANNED:studies/abcd/derivatives/morphometrics-analysis-attempt-001/statistics/version-fs741-vs-fs820-cereb-wmv-r2-stat.tsv	PENDING:dataset-commit-run-record-and-output-identity	controlled	UNDECLARED	planned	claim-bearing instance of version-fs741-vs-fs820-cereb-wmv-r2-stat
pilot-ds007116--version-fs741-vs-fs820-age-residual-figure	results-version	planned-figure	PLANNED:studies/ds007116/derivatives/morphometrics-analysis-attempt-001/figures/version-fs741-vs-fs820-age-residual-figure.svg	PENDING:dataset-commit-run-record-and-output-identity	planned-public	UNDECLARED	planned	pilot-only instance of version-fs741-vs-fs820-age-residual-figure
claim-abcd--version-fs741-vs-fs820-age-residual-figure	results-version	planned-figure	PLANNED:studies/abcd/derivatives/morphometrics-analysis-attempt-001/figures/version-fs741-vs-fs820-age-residual-figure.svg	PENDING:dataset-commit-run-record-and-output-identity	controlled	UNDECLARED	planned	claim-bearing instance of version-fs741-vs-fs820-age-residual-figure
pilot-ds007116--accounting-cohort-flow-table	results-accounting	planned-table	PLANNED:studies/ds007116/derivatives/morphometrics-analysis-attempt-001/tables/accounting-cohort-flow-table.tsv	PENDING:dataset-commit-run-record-and-output-identity	planned-public	UNDECLARED	planned	pilot-only instance of accounting-cohort-flow-table
claim-abcd--accounting-cohort-flow-table	results-accounting	planned-table	PLANNED:studies/abcd/derivatives/morphometrics-analysis-attempt-001/tables/accounting-cohort-flow-table.tsv	PENDING:dataset-commit-run-record-and-output-identity	controlled	UNDECLARED	planned	claim-bearing instance of accounting-cohort-flow-table
pilot-ds007116--accounting-campaign-outcomes-table	results-accounting	planned-table	PLANNED:studies/ds007116/derivatives/morphometrics-analysis-attempt-001/tables/accounting-campaign-outcomes-table.tsv	PENDING:dataset-commit-run-record-and-output-identity	planned-public	UNDECLARED	planned	pilot-only instance of accounting-campaign-outcomes-table
claim-abcd--accounting-campaign-outcomes-table	results-accounting	planned-table	PLANNED:studies/abcd/derivatives/morphometrics-analysis-attempt-001/tables/accounting-campaign-outcomes-table.tsv	PENDING:dataset-commit-run-record-and-output-identity	controlled	UNDECLARED	planned	claim-bearing instance of accounting-campaign-outcomes-table
pilot-ds007116--accounting-input-characteristics-table	results-accounting	planned-table	PLANNED:studies/ds007116/derivatives/morphometrics-analysis-attempt-001/tables/accounting-input-characteristics-table.tsv	PENDING:dataset-commit-run-record-and-output-identity	planned-public	UNDECLARED	planned	pilot-only instance of accounting-input-characteristics-table
claim-abcd--accounting-input-characteristics-table	results-accounting	planned-table	PLANNED:studies/abcd/derivatives/morphometrics-analysis-attempt-001/tables/accounting-input-characteristics-table.tsv	PENDING:dataset-commit-run-record-and-output-identity	controlled	UNDECLARED	planned	claim-bearing instance of accounting-input-characteristics-table
pilot-ds007116--accounting-runtime-identities-table	results-accounting	planned-table	PLANNED:studies/ds007116/derivatives/morphometrics-analysis-attempt-001/tables/accounting-runtime-identities-table.tsv	PENDING:dataset-commit-run-record-and-output-identity	planned-public	UNDECLARED	planned	pilot-only instance of accounting-runtime-identities-table
claim-abcd--accounting-runtime-identities-table	results-accounting	planned-table	PLANNED:studies/abcd/derivatives/morphometrics-analysis-attempt-001/tables/accounting-runtime-identities-table.tsv	PENDING:dataset-commit-run-record-and-output-identity	controlled	UNDECLARED	planned	claim-bearing instance of accounting-runtime-identities-table
pilot-ds007116--accounting-metric-completeness-table	results-accounting	planned-table	PLANNED:studies/ds007116/derivatives/morphometrics-analysis-attempt-001/tables/accounting-metric-completeness-table.tsv	PENDING:dataset-commit-run-record-and-output-identity	planned-public	UNDECLARED	planned	pilot-only instance of accounting-metric-completeness-table
claim-abcd--accounting-metric-completeness-table	results-accounting	planned-table	PLANNED:studies/abcd/derivatives/morphometrics-analysis-attempt-001/tables/accounting-metric-completeness-table.tsv	PENDING:dataset-commit-run-record-and-output-identity	controlled	UNDECLARED	planned	claim-bearing instance of accounting-metric-completeness-table
pilot-ds007116--accounting-result-row-lineage-table	results-accounting	planned-table	PLANNED:studies/ds007116/derivatives/morphometrics-analysis-attempt-001/tables/accounting-result-row-lineage-table.tsv	PENDING:dataset-commit-run-record-and-output-identity	planned-public	UNDECLARED	planned	pilot-only instance of accounting-result-row-lineage-table
claim-abcd--accounting-result-row-lineage-table	results-accounting	planned-table	PLANNED:studies/abcd/derivatives/morphometrics-analysis-attempt-001/tables/accounting-result-row-lineage-table.tsv	PENDING:dataset-commit-run-record-and-output-identity	controlled	UNDECLARED	planned	claim-bearing instance of accounting-result-row-lineage-table
pilot-ds007116--derivative-t1w-1x1x5	results-derivatives	planned-derivative	PLANNED:studies/ds007116/derivatives/t1w-1x1x5-attempt-001	PENDING:dataset-commit-run-record-and-output-identity	planned-public	external-and-project-terms-pending	planned	pilot-only instance of derivative-t1w-1x1x5
claim-abcd--derivative-t1w-1x1x5	results-derivatives	planned-derivative	PLANNED:studies/abcd/derivatives/t1w-1x1x5-attempt-001	PENDING:dataset-commit-run-record-and-output-identity	controlled	external-and-project-terms-pending	planned	claim-bearing instance of derivative-t1w-1x1x5
pilot-ds007116--derivative-reconall-fs741-native	results-derivatives	planned-derivative	PLANNED:studies/ds007116/derivatives/reconall-fs741-native-attempt-001	PENDING:dataset-commit-run-record-and-output-identity	planned-public	external-and-project-terms-pending	planned	pilot-only instance of derivative-reconall-fs741-native
claim-abcd--derivative-reconall-fs741-native	results-derivatives	planned-derivative	PLANNED:studies/abcd/derivatives/reconall-fs741-native-attempt-001	PENDING:dataset-commit-run-record-and-output-identity	controlled	external-and-project-terms-pending	planned	claim-bearing instance of derivative-reconall-fs741-native
pilot-ds007116--derivative-reconall-fs820-native	results-derivatives	planned-derivative	PLANNED:studies/ds007116/derivatives/reconall-fs820-native-attempt-001	PENDING:dataset-commit-run-record-and-output-identity	planned-public	external-and-project-terms-pending	planned	pilot-only instance of derivative-reconall-fs820-native
claim-abcd--derivative-reconall-fs820-native	results-derivatives	planned-derivative	PLANNED:studies/abcd/derivatives/reconall-fs820-native-attempt-001	PENDING:dataset-commit-run-record-and-output-identity	controlled	external-and-project-terms-pending	planned	claim-bearing instance of derivative-reconall-fs820-native
pilot-ds007116--derivative-racl-native	results-derivatives	planned-derivative	PLANNED:studies/ds007116/derivatives/racl-native-attempt-001	PENDING:dataset-commit-run-record-and-output-identity	planned-public	external-and-project-terms-pending	planned	pilot-only instance of derivative-racl-native
claim-abcd--derivative-racl-native	results-derivatives	planned-derivative	PLANNED:studies/abcd/derivatives/racl-native-attempt-001	PENDING:dataset-commit-run-record-and-output-identity	controlled	external-and-project-terms-pending	planned	claim-bearing instance of derivative-racl-native
pilot-ds007116--derivative-racl-1x1x5	results-derivatives	planned-derivative	PLANNED:studies/ds007116/derivatives/racl-1x1x5-attempt-001	PENDING:dataset-commit-run-record-and-output-identity	planned-public	external-and-project-terms-pending	planned	pilot-only instance of derivative-racl-1x1x5
claim-abcd--derivative-racl-1x1x5	results-derivatives	planned-derivative	PLANNED:studies/abcd/derivatives/racl-1x1x5-attempt-001	PENDING:dataset-commit-run-record-and-output-identity	controlled	external-and-project-terms-pending	planned	claim-bearing instance of derivative-racl-1x1x5
pilot-ds007116--derivative-rany-native	results-derivatives	planned-derivative	PLANNED:studies/ds007116/derivatives/rany-native-attempt-001	PENDING:dataset-commit-run-record-and-output-identity	planned-public	external-and-project-terms-pending	planned	pilot-only instance of derivative-rany-native
claim-abcd--derivative-rany-native	results-derivatives	planned-derivative	PLANNED:studies/abcd/derivatives/rany-native-attempt-001	PENDING:dataset-commit-run-record-and-output-identity	controlled	external-and-project-terms-pending	planned	claim-bearing instance of derivative-rany-native
pilot-ds007116--derivative-rany-1x1x5	results-derivatives	planned-derivative	PLANNED:studies/ds007116/derivatives/rany-1x1x5-attempt-001	PENDING:dataset-commit-run-record-and-output-identity	planned-public	external-and-project-terms-pending	planned	pilot-only instance of derivative-rany-1x1x5
claim-abcd--derivative-rany-1x1x5	results-derivatives	planned-derivative	PLANNED:studies/abcd/derivatives/rany-1x1x5-attempt-001	PENDING:dataset-commit-run-record-and-output-identity	controlled	external-and-project-terms-pending	planned	claim-bearing instance of derivative-rany-1x1x5
phase1-layout	ro-root	repository-layout	src/;apps/;notebooks/;operations/;results/;envs/containers/	git:containing-commit:src/README.md	public	MIT	active	Canonical Phase 1 authority paths, deliberately without placeholder datasets or derivatives
phase1-quality	ro-root	quality-environment	envs/pixi.toml;envs/pixi.lock	pixi-lock:envs/pixi.lock	public	MIT	active	Locked quality environment for Phase 1 validators and tests
phase1-contracts	ro-root	configuration	config/schemas/;config/bids-specification.json;config/campaigns/;config/clusters/;config/datasets/;config/pipelines/	git:containing-commit:config/schemas/campaign.schema.json	public	MIT	active	Versioned BIDS and campaign, operation, image, and result contracts
phase1-validation	ro-root	validation-tool	scripts/validate_bids.py;scripts/validate_schemas.py;scripts/validate_publication_boundary.py;scripts/validate_phase1.py;scripts/generate_phase1_reports.py;scripts/validate_stamped_negative.py	git:containing-commit:scripts/validate_phase1.py	public	MIT	active	Locked, tested Phase 1 evidence and validation entry points
phase1-access	ro-root	access-policy	config/access/;docs/access-control.md	git:containing-commit:config/access/sibling-matrix.tsv	public	MIT	active	Access classes, sibling matrix, and protected/public publication boundary policy
phase1-design-review	ro-root	design-review	docs/design-reference-review.md;docs/operations-model.md	git:containing-commit:docs/design-reference-review.md	public	MIT	active	Pinned BABS and MechaBABS design review without installing or invoking MechaBABS
study-toy	ro-root	bids-study-dataset	studies/toy/	datalad:2d982b94-44a2-49ba-bfcd-97966084b025;git:subdataset:studies/toy	public	MIT	active	Empty BIDS 1.11.1 Study dataset; Phase 1 creates no derivative placeholder
input-toy-raw	study-toy	bids-raw-dataset	studies/toy/sourcedata/raw/	datalad:787b9dfe-8399-46a2-bdb9-5230a949e88a;git:subdataset:studies/toy/sourcedata/raw	public	MIT	active	Independent empty raw BIDS child with metadata-only reviewed warnings
phase1-reports	ro-root	validation-evidence	docs/reports/phase-1/	git:containing-commit:docs/reports/phase-1/README.md	public	MIT	active	Versioned home for clean-clone, DataLad, annex, and quality evidence reports
storage-github	ro-root	git-sibling	git@github.com:con/STAMPED-dl_morphometrics_biases.git	git-remote:origin	public	service-terms	registered	Existing public GitHub sibling is retained; annex transfers remain ignored
container-repronim-source	ro-root	container-source-dataset	envs/containers/repronim/	datalad:upstream-ReproNim-containers;git:0284fc8ad8b7fa9a76c3c9f03cfb2919708ba2b2	public	upstream-mixed-recorded	pinned	Independent ReproNim/containers source subdataset pinned for discovery only; no scientific image is selected
container-accepted-registry	ro-root	container-dataset	envs/containers/accepted/	datalad:8320f911-d110-4c82-b95b-285244cbae13;git:6177eaa11e8776b98429098bcaca4a7f23938913	public	MIT-and-recorded-image-terms	active	Independent accepted exact-SIF dataset with public Git metadata and release-backed annex retrieval
image-toy-bids-app	container-accepted-registry	container-image	envs/images/toy-bids-app.yaml;envs/containers/accepted/images/toy-bids-app-0.1.0.sif	SHA256E-s3559424--04dd9db59be1363229f1f26f4088065fc2c0d208ef3c21cbe7d46c0148ce0d59.0.sif	public	MIT-and-Alpine-mixed-terms	accepted-registered	Non-scientific redistributable BIDS App fixture; accepted only to prove image registry mechanics
